index,知识点关联题目,知识点
1,322，323，324，325,"地球的形状与大小：
地球是一个两级稍扁、赤道略鼓的不规则球体。表面积约5.1亿平方千米，赤道周长约4万千米，极半径约6357千米，赤道半径约6378千米，平均半径约6371千米。"
2,324，327，329，634,"经线与纬线：
经线：在地球仪上，连接南、北两极并垂直于纬线的半圆。经线的特点：形状为弧线段，指示南北方向，长度都相等，所有经线相交于南北两极。纬线：在地球仪上，与地轴垂直的平面与地球仪表面相割形成的圆。纬线的特点：形状为圆，指示东西方向，长度自赤道向两极逐渐变短，任意相邻两条纬线间的间隔在赤道上相等，所有纬线都相互平行。"
3,324，327，329，634,"经纬线的判断方法：
1.标注法：若经纬网图中直接标明经度或东（西）经、纬、南（北）纬度数，则直接进行判读、分析即可。2.关系法：在侧视、俯视及各种光照图中，相互平行的是纬线，不平行（相交于极点）的是经线。3.数值法：斜方格经纬网中，经线值不能大于180°，纬线值不能大于90°"
4,324，327，329，331，419，503，557，633，634,"经度和纬度：
经度：从本初子午线向东、向西各分180°；东经度的度数越向东越大，西经度的度数越向西越大；20°W~0°~160°E为东半球，160°E~180°~20°W为西半球；0°、180°为东西经分界线，180°大致与国际日期变更线重合。纬度：从赤道向南、向北各分90°；北纬的度数越向北越大，南纬的度数越向南越大；以赤道为界，以北为北半球，以南为南半球；30°是中、低纬度界线，60°是中、高纬度界线，23°26′是热带、温带界线，66°34′是温带、寒带界线。"
5,324，327，329，419，494,"经纬网的应用：
1.定“方向”：依据经线指示南北方向，纬线指示东西方向。极地俯视图：东西方向需要结合地球自转方向和两地之间的劣弧段进行判定；南北方向参照极点判定，距北极点近在北，距南极点近在南。不在同一幅经纬网图上两点方位的辨别方法：首先读出两点的经纬度数值，然后用以下方法判断：南北判断：同在北纬，纬度值大者在北；同在南纬，纬度值小者在北；南北纬各异，北纬度在北。东西判断：同在东经，经度值大者在东；同在西经，经度值大者在西；若分别在东西经，根据两地“经度和”判断，若经度和<180°，东经度在东，西经度在西；若经度和>180°，东经度在西，西经度在东。2.量“距离”：根据纬度差定经线长度：同一经线上，纬度1°的实际经线弧长处处相等，约为111km，故同一条经线上任意两点间距离=111km×两地间纬度差。根据经度差定纬线长度：同一纬线上，经度1°的纬线弧长由低纬向高纬递减，约是111×cosφ°km（φ表示该纬线的纬度）。若两点不在同一经线或纬线上，则运用勾股定理进行估算。3.比“范围”：在经纬网地图上，根据经纬线组成的网格可大致判断区域面积的大小。在经纬线都是直线的经纬网地图上，经纬度间隔相同的网格，其纬度越高表示的实地范围越小。在纬度大致相同的情况下，区域所跨的经纬度越多，表示的实地范围越大。4.寻“最短航线和航向”：球面上的两点，经过这两点的大圆劣弧的长度即为最短距离。利用现有大圆（如经线圈、赤道、晨昏圈），两点间最近航线就是沿该大圆走劣弧。没有现成大圆，作大圆劣弧。最短航线的劣弧线向较高纬度凸出。5.找“对称点”：关于赤道对称的点：经度相同、纬度数相同但南北纬相反。关于地轴对称的点：经度相差180°，东西经相反；纬度相同。关于地心对称的点（对跖点）：经度相差180°，东西经相反；纬度数相同但南北纬相反"
6,358，359，360，362，363，372,"地图三要素：
1.比例尺：表示图上距离比实地距离缩小的程度；比例尺=图上距离/实地距离；有文字式、数字式、线段式表示；比例尺大，表示的实地范围小，内容详细，精确度高；比例尺小，表示的实地范围大，内容简略，精确度低。2.方向：箭头的方向一般指示北方；经线指示南北方向，纬线指示东西方向。3.图例和注记：图例，地图中用以表示地理事物的各种符号；注记，用以说明地理事物的文字和数字。"
7,358，362，363，372，373,"海拔与相对高度：
海拔：地表某地高出海平面的垂直距离。相对高度：地表某两点之间的垂直距离。"
8,358，361，363,"等高（深）线与等高距：
等高（深）线：地形图上海拔（深度）相同的点连成的闭合曲线。等高距：地形图上相邻两条等高线的高度差。"
9,358，361，363,"等高线地形图的基本特征：
同线等高：同一条等高线上各点的海拔相同。等高距一般全图一致。等高线是闭合的曲线，但在同一幅图中不一定全部闭合。等高线一般不能相交（陡崖处等高线重合）。等高线的疏密反映坡度陡缓：密陡疏缓。示坡线指示地势降低的方向。"
10,358，365，367，368，507，640，641,"地形部位及特点：
山峰：等高线闭合，等高线数值内高外低。盆地：等高线闭合，等高线数值内低外高。山谷：等高线向数值增大的方向弯曲。山脊：等高线向数值减小的方向弯曲。陡崖：多条海拔不同的等高线重合。鞍部：两侧均为闭合的等高线，山谷的最高处，山脊的最低处。"
11,358，367，368，372，373,"海拔相关的计算：
1.两地间相对高度的计算：相对高度=高海拔数-低海拔数；无法读出海拔具体数值，则可用公式计算相对高度范围：(n-1)*d<H<(n+1)*d（n为两点之间等高线条数，d为等高距）。2.陡崖高度的计算：陡崖崖顶的绝对高度：H大≤H顶<H大+d；陡崖崖底的绝对高度：H小-d<H底≤H小；陡崖的相对高度：(n-1)*d≤ΔH<(n+1)*d（n为重合的等高线条数，d为等高距，H大为重合等高线中海拔最高的数值，H小为重合等高线中海拔最低的数值）3.闭合等高线的计算：闭合等高线计算遵循“大于大的，小于小的”规律。4.计算两地的温差：根据对流层气温垂直递减率（0.6°C/100m）可计算两地间的气温差异：T=0.6°C×H/100m"
12,358，363，364，365，366，367，368,"根据等高线地形图判读自然地理特征：
1.判断地势、地形特征：主要根据等高线数值的大小来判定地势高低；根据等高线的疏密判断坡度陡缓；根据示坡线判断地势降低的方向；平原海拔在200m以下，等高线稀疏，较为平直；丘陵海拔在500m以下，相对高度小于200m，等高线稀疏，弯折部分较和缓；山地海拔在500m以上，相对高度大于200m，等高线较密集；高原海拔较高（500m以上），相对高度小，等高线在边缘十分密集，在内部明显稀疏；盆地海拔没有一定标准，四周等高线较密集，数值大，中间等高线较稀疏，数值小；海岸线0m等高线表示海平面，沿海地区一般表示海岸线；大陆架海水深度不超过200m，且等深线稀疏；大陆坡海水深度超过200m，且等深线密集；海沟海水深度大，且两侧等深线密集。2.判断水系、水文特征：山地常形成放射状水系，盆地常形成向心状水系；山脊常成为河流的分水岭；山谷常有河流发育；河流流向与等高线凸出方向相反；等高线密集的河谷，河流流速快；河流的流量与流域面积和流域内降水量有关；根据山脊线作为河流的分水岭，可确定河流的流域面积。3.判断气候特征及差异：地势高低、坡向（阳坡气温高，蒸发强；阴坡气温低，蒸发弱）等因素对气候特征有一定的影响；求出高度差，再结合气温垂直递减率（0.6°C/100m）计算温度差，地势越高，气温越低；迎风坡降水多于背风坡；阳坡多于阴坡，同一种植被在阳坡的分布上界高于阴坡。"
13,363，364，365，367，368,"等高线地形图与生产实践：
1.水库坝址：选在两侧等高线密集的河流峡谷出口最窄处；应避开喀斯特地貌、地质断裂带，并考虑移民、生态等问题；库区宜选在河谷、山谷地区，或“口袋”形的洼地。2.港口：应建在等高线稀疏、等深线密集的海湾地区，避开含沙量大的河流，以免引起航道淤塞；要建在经济发达、腹地广阔的地区。3.宿营地：应避开河谷、河边，以防暴雨造成的山洪暴发；避开陡坡、陡崖，以防崩塌、落石造成的伤害；应选在地势较高的缓坡或较平坦的鞍部宿营。4.疗养院：应建在坡度较缓（等高线稀疏）、阳坡、背山面水（河流、湖泊、气清新的地方，且有交通线经过，交通便利。5.气象站：应建在坡度适中、地表开阔的地方。6.公路、铁路线：一般要求坡度平缓、尽量与等高线平行，线路较短，尽量少占农田、少建桥梁，避开陡崖、陡坡等，通往山顶的公路，往往需建盘山路等。7.引水路线：首先考虑水从高处往低处流，再结合距离的远近确定。8.输油、输气管道：路线尽可能短，尽量避免通过山脉、大河等，以降低施工难度和建设成本。"
14,369，371，372,"通视问题的分析方法：
1.根据坡度陡缓情况分析：注意“凹形坡”与“凸形坡”的不同。从山顶向四周，等高线先密后疏，为“凹形坡”，可通视；等高线先疏后密，为“凸形坡”，“凸形坡”容易挡住人们的视线。2.判断是否穿越沟谷：如果穿越沟谷，由于后半部分地势会升高，即使地势再降低，也会因为地形阻挡而无法通视。"
15,370，372，373,"地形剖面图：
沿地表某一方向的直线所作的垂直剖面图，它是在等高线地形图的基础上绘制的。四步：画线，根据要求在需绘制剖面图的两点之间作出一条直线；定尺，纵坐标表示海拔，横坐标表示水平距离；根据需要选取垂直比例尺和水平比例尺；水平比例尺一般与原图一致，垂直比例尺一般是原图的5、10、15、20倍，倍数越大，起伏越明显；找点、描点，找出剖面线与等高线的所有交点及特殊点（最高、最低、转折点），按其水平距离和高程转绘到坐标图中；连线，用平滑曲线将各点顺次连接，注意相邻两点间的升降趋势。"
16,1，70，71,"自然环境的服务功能：
1.支撑服务：养分循环、光合作用、水循环、土壤的形成。2.供给服务：食物、矿产资源、生物资源、淡水。3.调节服务：净化空气、调节气候、减缓土壤侵蚀、净化水、抑制病虫害。4.文化服务：身心健康、娱乐和生态旅游、美学价值、精神价值。"
17,70，71,"森林的服务功能：
1.支撑服务:作为生物的栖息地，维持生物多样性、增加土壤肥力等。2.供给服务:提供森林资源、动物资源等。3.调节服务:调节气候、净化空气和水质、涵养水源等。4.文化服务:提供美丽的风景，也供人类旅游休憩、获得精神享受等"
18,68，69,"区域的概念和划分：
区域是人们在地球表面按照一定的目的和标准划定的空间单元。区域占据一定空间范围，具有一定的优势、特色和功能；具有一定的区位特征，以及面积、形状、边界；边界有些是明确的，有些具有过渡性。区域内部具有相对一致性，区域之间具有差异性和相互联系性。
区域的划分：1.根据区域内部地理特征的一致性或相似性划分：按照自然特征划分的区域——高原区、热带雨林区、红壤地带等；按照人文特征划分的区域——人口密集区、稻作农业区等。2.政府为了特定的行政管理目标而划定的。例如：行政区、经济特区。3.按照区域尺度来划分：中尺度——较大的地区大尺度——全球或全大或较大面积的国家；陆；小尺度——局部地区"
19,26，27,"生态脆弱区：
1.概念：生态系统抗干扰能力弱、易于退化且难以恢复的地区。
2.主要分布区：干湿交替、农牧交错、水陆交界、森林边缘、沙漠边缘等地区。
3.特征：生态系统稳定性较差，一日其稳定性被打破，土地易退化。
4.土地退化的主要表现：土地沙化、石漠化、土壤侵蚀、土壤盐碱化、土壤肥力下降等。"
20,2，8，11，17，19,"区域的特征：
区域的特征有整体性、层次性、开放性、动态性和差异性。地理环境要素相互影响、相互作用导致了区域的整体性；地理环境要素互有差异导致了区域的差异性。整体性是区域的基本属性，没有整体性也就没有差异性，没有差异性就无所谓开放性。区域的整体性是相对的，差异性是绝对的。不仅各个区域之间普遍存在着差异性，区域内部也存在着差异性，这种差异性是区域进一步划分的基础，也是开放性形成的基础。层次性体现在两个方面，分别是大区域内包含着若干小区域，以及区域内部彼此关联形成的层次关系。区域变化的主要原因是区域地理要素、区域环境或社会需要发生了变
化，因而形成动态性。"
21,2，7，8，12，19,"区域特征的分析方法：
1.明确区域的空间范围：经纬度、海陆及邻区的相对位置。2.综合分析区域自然环境特征：地形类型、地势状况、地形区分布；气候类型、水分与热量状况、水热配合、有无特殊天气；河流水文特征、水系特征。3.综合分析区域人文环境特征：经济结构(工农业、交通)；工农业类型及分布；区域内工农业差异；区域内生产力布局、区位因素分析。4.归纳区域特征：区别差异性，归纳共同性。5.区域利用特征：探寻区域发展的优化模式。"
22,2，17，18，19,"区域发展的异同：
1.不同区域地理环境具有一定的相似性，同时区域发展也存在一定的相似性，表现在经济发展水平、发展特征等方面。2.不同区域地理位置不同，地形、气候、地貌、水文、土壤、植被等自然要素也存在差异，其中地形和气候是决定自然环境差异的主要因素。同时，各区域在经济、社会、文化等区域发展方面也呈现出不同的特点。"
23,7，8，12，18，19,"自然环境因素差异：
1.气候差异的形成：纬度位置差异和地势高低差异，结合寒暖流不同，导致气温差异，大气环流不同和海陆位置不同，结合结合寒暖流不同，导致降水差异，气温差异和降水差异综合导致气候差异。
2.地貌差异的形成：不同的区域由于海陆位置和纬度位置不同，因而所受的内力作用和外力作用形式及组合不同，导致地貌的区域差异。
3.土壤、植被差异的形成：区域地理位置、气候、水文、地形、地质条件的差异，导致土壤、植被的差异，主要表现在土壤的质地、厚度、肥力、酸碱度等和植被的数量、种类、形态等。
4.河流水文差异的形成：气候差异下降水影响径流量、气温影响结冰期，地貌差异下地势影响流速、地形影响水系，植被差异影响径流量变化、影响含沙量多少，上述6点相互作用、相互影响、相互制约，形成了河流水文差异。"
24,12，19，20,"人类活动因素差异：
农业方面：1.气候、地形、土壤、水源等自然条件差异，影响作物种类、耕作制度、产量。2.市场、劳动力、交通、科技、政策等社会经济条件差异，影响机械化水平、劳动生产率、商品率。
工业方面：资源、市场、劳动力、科技、交通、政策等差异，影响工业类型、规模。
人口方面：区域耕地、水资源等自然条件和经济状况、科技水平、开发历史等社会条件差异，影响人口规模、密度、素质、增长速度。
城市方面：地形、气候、河流、资源、交通等差异，影响城市形态、分布、数量、规模、发展水平。
交通方面：地形、气候、位置、经济、科技、人口等差异，影响交通方式、交通便捷程度"
25,3，4，8，12，21,"区域差异的比较分析：
对比分析区域之间的差异，是分析各区域发展方向、采取因地制宜开发治理措施的前提，区域差异可从自然环境因素差异和人类活动因素差异两个方面分析。"
26,3，4，8，10，12，17，507，645,"区域环境差异对区域发展的影响：
不同的自然地理环境和人文地理环境组成特定的自然环境和相应的人文环境，影响区域发展，具体为：
不同的自然地理环境下的地形、气候、水文、土壤、生物组成特定的自然环境，
不同的人文地理环境下的农业、工业、商贸、城市、交通组成相应的人文环境，
人文地理环境与自然地理环境相互作用影响区域发展方向，和谐则可持续发展，冲突则产生环境问题。"
27,8，10，12，18，21,"地理环境差异（以长江三角洲和松嫩平原为例）：
地理位置：长江三角洲地处30°N附近，东部沿海地区中部，长江入海口；松嫩平原位于43°N-48°N，东北地区中部。
气候条件：长江三角洲为亚热带季风气候，年降水量1000毫米以上，水热充足；松嫩平原是温带季风气候，降水较少，温暖季节短，作物生长期短。
土地条件：长江三角洲以水稻土为主，耕地多为水田，较分散，人均耕地低于全国平均水平；松嫩平原黑土为主，耕地多为旱地，集中连片，人均耕地高于全国平均水平。
矿产资源：长江三角洲贫乏；松嫩平原有较丰富的石油资源。"
28,3，10，18，21,"区域经济联系（以长江三角洲和松嫩平原为例）：
农业方面：1.农业类型：长江三角洲为水田耕作业、水产业，松嫩平原为旱地耕作业、畜牧业；2.农作物：长江三角洲为水稻、油菜、棉花，松嫩平原为玉米、春小麦、大豆；3.熟制：长江三角洲为一年两熟或两年三熟，松嫩平原为一年一熟。
商业贸易方面：长江三角洲交通便利，对内对外联系方便，商业贸易发达；松嫩平原距海较远，对内对外联系不便，商业贸易落后。
工业方面：长江三角洲依托农业发展轻工业，从国内外运人矿产资源发展重工业，成为重要的综合性工业基地；松嫩平原利用当地丰富的石油资源和周围地区的煤、铁等资源发展重化工业，成为重化工业基地。"
29,3，4，10，11，13，14，22，650,"因地制宜促进区域发展：
原则：根据各地区域特征，采取适宜发展策略。
措施：综合考虑自然条件（位置、气候、地形、矿产资源等）和社会经济因素（劳动力、市场、交通运输、政策和科技等），发挥区域优势。
意义：顺应自然规律，实现人地协调；充分利用资源，提高综合效益；促进区域协调发展，减少区域差异；增强区域可持续发展能力。"
30,9，15，16，504，534,"“3S”技术的比较：
遥感技术（RS）：利用技术装备在航空或航天器上对地物远距离感知。技术装备包括遥感平台、传感器、遥感信息处理系统。工作流程是目标物→传感器→遥感地面系统→图像、数字。特点为探测范围大、获得资料速度快、受地面限制少、获取信息量大、应用广。应用于资源调查、灾害监测、环境监测、工程建设及规划等。
地理信息系统（GIS）：专门处理地理空间数据的计算机信息系统。技术装备有计算机软、硬件。工作流程是信息源→数据处理→数据库→空间分析→表达。具有图形化、可视化、及时更新信息的特点。应用于测绘、资源管理、环境保护、城乡规划、市场分析等领域。
全球卫星导航系统（GNSS）：利用卫星在全球范围内进行实时定位、导航的系统。技术装备包括卫星星座、地面监控系统、信号接收系统。特点是全球性、全天候、连续性和实时性。应用于军事、交通、旅游探险、对地测绘、野外勘测、紧急救援等方面。"
31,9，15，16，504，534,"“3S”技术的判别：
地理信息技术功能特点比较：RS主要功能是地表观察、地理数据收集，即“是什么，有什么”；GNSS用于空间位置（地理坐标）的确定、导航，即“在哪里”；GIS可进行数据采集、数据分析、决策应用，即“为什么，有何联系，如何利用、解决”。
“想”与“看”区分RS和GIS：GIS技术是地图延伸，主要功能是对空间数据和图片进行分析和处理，需在数据源基础上“分析、对比、计算”（“想”），涉及此类功能选用GIS；RS技术是视力延伸，主要功能是收集信息（“看”），只“看”不用“想”时选用RS。"
32,5，6，7，17,"传统民居与自然环境关系：
屋顶特征与自然环境关系：呈“人”字形且有一定坡度利于排水，反映当地降水较为丰富；坡度特别大利于排雪，表明冬季降雪多，防止积雪压垮屋顶。只有半坡且坡朝向院内，用于收集雨水，说明降水少、水资源不足。
墙体特征与自然环境关系：多用竹木建筑材料，反映当地气候较湿润；多用石材，可能当地多大风。墙体厚实，具有防风、防寒作用，表明当地纬度较高。
窗的特征与自然环境关系：窗多而大利于通风散热，说明当地气候较为炎热；窗少而小用于防御，防风或防寒，表明当地风力较大或纬度较高。
其他特征与自然环境关系：普遍有架空层，说明当地气候比较潮湿；白墙黑瓦与当地湿润的气候环境相适应。"
33,26，27,"生态脆弱区的问题：
喀斯特地区以云贵高原地区为主，存在石漠化的生态问题
黄土分布区以黄土高原地区为主，存在水土流失的生态问题
沙漠分布区主要位于西北干旱半干旱地区，存在干旱荒漠化的生态问题
高寒区主要位于青藏高原地区，存在高寒荒漠化的生态问题"
34,72，73,"中国北方农牧交错带的土地退化及原因：
土地退化表现：土地沙化、土壤侵蚀等。
原因：自然因素包括气候干旱、多大风、降水集中且变率大、地表物质松散等；人为因素有过度开垦、过度放牧、不合理的水资源利用、工业污染等。"
35,72，73,"中国北方农牧交错带土地退化的综合治理：
调整土地利用结构：合理规划农、牧、林用地比例，减少耕地开垦，增加林草植被覆盖。
构筑防护体系：营造防风固沙林带、农田防护林网等。
以地养地，自然恢复：在退化土地上种植耐受力强的植物，改良土壤，促进自然恢复。
调整产业结构：发展舍饲养殖、农产品加工、生态旅游等非农业产业，减轻土地压力。
控制人口增长：提高人口素质，减少人口对土地资源的依赖。"
36,29，30，31，653,"黄土高原地区生态脆弱的原因：
气候较为干旱且降水集中，多年平均降水量450mm，降水集中在夏秋季节，且多暴雨，雨季加剧了对地表的侵蚀，春季降水少不利于地表植被恢复。
黄土土质疏松，垂直节理发育，黄土以细粉砂为主，有较多的孔隙，土质疏松，具有明显的垂直节理，遇水易崩解，抗冲、抗蚀性弱，容易导致水土流失。
地形起伏过大，地形破碎，千沟万壑，加剧流水侵蚀。
环境破坏后难以恢复，人类大面积破坏植被，水土流失不断加剧，地表支离破碎，严重降低土壤的肥力，植被难以恢复，进一步加剧了水土流失。"
37,29，30，31,"黄土高原地区脆弱生态影响区域发展：
1.水土流失严重：面积广，时空分布集中。
2.自然灾害易发：旱灾、洪水、冰雹、虫害、暴雨、霜冻等灾害最为常见，洪水和暴雨还会引发滑坡和泥石流等次生灾害。
3.影响农业生产：水土流失导致耕地减少，土壤肥力降低，保水保肥能力下降，土地生产力下降。"
38,29，30，31,"黄土高原地区的综合治理：
1.治理水土流失
工程措施：坡地建设防止山体滑坡的抗滑桩和储水护坡的鱼鳞坑，挖引流渠和水平沟，减少坡面径流、增加下渗；沟谷修建淤地坝以保土蓄水，修拦沙坝、谷坊坝阻止沙石向下游流失。
农业技术：塬面和较陡山坡发展林草业，山下缓坡和沟谷发展种植业；实施间作套种、高沟垄作、水平阶种植等耕种手段，采用地膜覆盖及喷灌、滴灌等。
2.优化产业结构：以生态农业为基础，发展农副产品加工业，提高产品商品率；积极发展特色农业、旅游业；以能源开发为龙头，带动相关产业发展。
3.控制人口过快增长：快速的人口增长使得脆弱的生态环境越来越难以支撑地区经济、社会和生态的持续发展；控制人口过快增长、调整人口布局是区域综合治理的重要措施。"
39,74，75,"中国西南地区石漠化的成因、危害及治理措施：
1.成因
自然方面：地形崎岖，坡度陡峻，喀斯特地貌发育；降水多且集中，多暴雨，对山体冲刷严重；山坡土层浅薄，抗侵蚀能力弱；植被覆盖率低。
人为方面：破坏植被；陡坡开荒。
2.危害：涵养水源能力下降；水土流失加剧；生态环境恶化；丧失土地资源、生物资源等。
3.治理措施
生物措施：退耕还林还草；保护自然植被；植树造林。
其他措施：建立自然保护区；实施生态移民等。"
40,76,"土地次生盐碱化的成因、危害及防治措施：
1.成因
自然原因：地势低平，地下水位埋藏较浅；气候干旱，蒸发旺盛；表层土壤疏松。
人为原因：不合理的灌溉方式，导致地下水位上升；不合理的水利工程建设，地表水渗漏严重，导致地下水位上升。
2.危害：土地生产力下降，耕地减少；土壤板结，含盐量高，土地肥力下降；农业生态环境恶化。
3.防治措施：引淡淋盐；井灌井排；合理灌溉，禁止大水漫灌；农田覆盖，减少土壤水分蒸发；开挖排碱水沟。"
41,25，77,"常见生态环境问题的治理措施：
工程措施：农业上的工程措施如平整土地、修筑梯田；防洪工程措施如建立分洪区、加固堤坝、修建水库等。
生物措施：植树种草；退耕还林、还草；秸秆还田；封山育林、育草；建立自然保护区；人工繁殖珍稀野生动物；人工培育珍稀野生植物等。
技术措施：交通技术措施主要是在汽车上安装尾气净化装置；农业技术措施主要有深耕改土、科学施肥、科学育种、轮作套种、地膜覆盖、温室栽培、喷灌和滴灌等。
生活措施：建沼气池、普及省柴灶、以天然气做燃料等。
经济措施：调整产业结构，如开展多种农业经营；发展农产品加工，使工业由资源消耗型向高科技、节约型转变；发展新兴工业和第三产业等。
政策措施：开发性移民；投入资金、劳动力；城市规划等。
环保措施：发展生态农业、立体农业和环保产业；控制、治理环境污染；立法进行环境监督、管理、保护；提高环保意识，禁止破坏生态环境等。"
42,32，78,"资源型城市的概念及生命周期：
概念：因大规模开采自然资源而兴起，并以自然资源的开采和加工业为主导产业的城市。
生命周期：包括新生期、兴起期、繁荣期、衰退期。"
43,23，28，33，34，35,"资源枯竭型城市的概念及转型发展：
概念：城市所依托的资源在现有技术水平下开采殆尽，或市场对这种资源的需求大幅度减少，城市经济发展趋于缓慢，资源型城市就成为资源枯竭型城市。
转型发展策略：
1.延长产业链，提升原有资源的利用价值：如黑龙江大庆市，实施资源深度开发，延长资源产业链，提高资源综合利用程度和附加值。
2.开发新的资源，培育新的主导产业：如辽宁省阜新市，拓展开发可利用的自然资源类型，甚至延伸至人文资源范畴，培育新的主导产业。"
44,79，80,"德国鲁尔区可持续发展的策略及具体措施：
存在问题：传统产业的衰落；替代产业尚未形成；生态环境恶化。
发展策略及具体措施
针对传统产业的衰落，改造传统产业，优化工业布局：改造煤炭、钢铁等传统产业，对企业进行合并和技术改造，打造产品特色；进行工业布局调整，钢铁工业向西部沿海转移，将煤炭产业集中到赢利多、机械化水平高的大矿井。
针对替代产业尚未形成，调整产业结构，发展新兴产业：重点发展高新技术产业，促进新兴产业培育，提高产业竞争力；发展科技服务、金融服务、工业旅游、商业、物流和教育等第三产业。
针对生态环境恶化，治理环境污染，加强生态管理：整治河流、限制污染气体排放、建立空气质量监测系统；加强环境管理，重视完善环境保护的法律法规；营造“绿色空间”，提高环境质量，为新兴产业发展创造条件。"
45,23，24，28,"资源型地区可持续发展的分析思路：
1.资源型地区开发条件的评价
从优势条件与制约因素两方面进行分析，重点考虑资源及其组合状况（资源的种类及组合状况、数量、质量、埋藏条件、水源条件等）、位置及交通状况（优越的位置及便捷的交通方便与外界联系，降低原料和产品的运输成本，一般要从水陆交通两方面具体分析）、科技、市场、政策等要素。
2.资源型地区发展中遇到的问题：产业结构单一、生产成本上升、市场需求量下降、技术落后、设备老化、环境污染严重、新技术革命的冲击等。
3.资源型地区转型发展的主要措施
①注重培育新的经济增长点，积极发展高新技术产业；发展科技和教育，为企业改造和转型提供技术支持。
②因地制宜，培育特色产业，调整产业结构，发展新兴产业和第三产业，实现多种经营。
③加强资源综合利用，延长产业链，提高资源利用率和深加工程度。
④发展循环经济，治理环境污染，加强生态环境保护。
⑤合理开采资源，延长开采年限。
⑥寻求替代资源，或引进资源，缓解资源短缺状况。
⑦拓展交通，完善交通网。
⑧制定切实可行的扶持政策，加大对资源枯竭型城市的支持力度。"
46,24，81，82,"地区产业结构：
含义：一个国家或地区不同类型产业之间的比例关系。
影响因素：资源禀赋、技术条件以及分工深化等。
中国四大地区产业结构现状：第三产业比重最大，第二产业次之，第一产业比重最小。其中，第三产业所占比重东部地区最大，中部地区最小；第二产业所占比重中部地区最大，东北地区最小；第一产业所占比重东北地区最大，东部地区最小。"
47,24，81，82,"经济发展的实质：
产业结构不断变化升级的过程"
48,24，81，82,"产业结构升级的表现：
1.劳动力转移：劳动力从第一产业向第二、三产业转移。
2.国民经济重心变化：由第一产业转向第二产业，进而转向第三产业。"
49,24，81，82,"影响产业升级的因素：
技术创新（根本原因）、比较优势的变化和政策的引导。"
50,24，81，82,"区域不同发展阶段的产业结构状况：
早期阶段：资源开发规模小，产业结构简单。
成长阶段：资源开发规模扩大，产业结构逐渐复杂。
转型阶段：区域经济呈现衰落、萎缩状态，产业结构复杂。
再生阶段：调整产业结构，治理环境污染。"
51,24，81，82,"产业结构升级的规律：
一般来说，随着区域经济的发展，产业结构由低级形态向高级形态发展变化。发达国家第二产业比重减少、第三产业比重增加；发展中国家第二产业比重增加，第三产业比重增加缓慢或变化不明显。
发达国家产业升级过程：发展钢铁等资金密集型产业→知识密集型产业和服务业→主要生产高附加值产品和大力发展现代服务业。"
52,83，84，85,"珠三角地区的产业结构转型升级：
20世纪80年代
主导产业：劳动密集型产业。
优势：丰富廉价劳动力，政策优势，毗邻港澳。
劣势：原有工业基础薄弱，矿产资源贫乏。
背景：台湾等地传统制造业和电子产业向外转移。
发展特点：乡镇企业迅速发展，玩具、制鞋、电子产业快速发展，工业化、城市化进程加速。
20世纪90年代
主导产业：高新技术产业。
优势：工业实力大大增强，区位、人才优势明显。
劣势：政策优势已不明显，劳动力成本低的优势逐渐丧失。
背景：经济全球化、信息化蓬勃发展和发达国家与地区新一轮的产业结构调整。
发展特点：通信设备、计算机等高新技术产业成为当地主导产业，实现了产业结构转型与升级。"
53,86，87,"上海产业结构的变化：
工业化初期：以轻纺工业为支柱产业，是中国的经济中心和最大的轻工业基地，接近原料产地，拥有丰富的劳动力和最大的消费市场；对外联系和贸易频繁。
20世纪50年代至70年代：轻重工业协调发展，成为中国的综合性工业基地，国家实施了重工业化的战略决策；原有的基础设施、技术和劳动力等优势明显。
20世纪90年代以后：高新技术产业和金融服务业发展迅速，浦东新区的优惠政策、良好的工业基础、雄厚的科研实力、开放的服务环境等。
今后：建成国际经济、金融、贸易、航运、科技创新中心和国际文化大都市，依托自身的经济实力和全球影响力。"
54,88，89，90，91,"风沙活动过程：
起沙（起沙风）、输沙（风沙流）、积沙（气流受阻），其中，风力大小、沙粒粒径和地形带来的狭管效应影响起沙风，狭管效应同时还影响风沙流，由自然规律和人类活动影响的植被覆盖率和地形影响的屏障效应共同造成气流受阻"
55,88，89，90，91,"风沙活动条件：
1.物质条件-沙源
外地输沙：盛行风从上风地带将沙尘物质吹送至风沙活动地区沉积；河流从中上游地区将沙砾搬运到风沙活动地区沉积。
当地沙源：枯水期湖滩、河滩裸露，泥沙裸露；耕地面积扩大、不合理的人类活动破坏植被，地表裸露，增加沙源。
2.动力条件-大风
盛行风：风大、大风日数多；受地形影响（山口处狭管效应、河谷延伸方向与盛行风向一致等），地面风速增强。
不稳定的空气条件：如沙尘暴多发生于午后或傍晚，不稳定的热力条件有利于风力加大、强对流发展。
特殊天气（气候）背景：干旱少雨、气温回升、蒸发旺盛，是风沙形成的温床；气旋与冷空气活动频繁。
3.植被：冬春季节植被稀疏，地表缺少植被覆盖，表土疏松，沙源丰富，易起沙。"
56,88，89，90，91,"风沙危害：
1.污：污染大气，空气浑浊，危害人体健康。
2.沙：形成沙尘天气影响生产、生活；影响交通出行与安全、室外作业等。
3.蚀：侵蚀土壤，土壤肥力下降；侵蚀各种交通、建筑设施。
4.埋：埋压农田、村庄、工矿、铁路、公路、水源等。
5.毁：毁坏房屋、刮翻火车、摧毁电杆，造成人、畜伤亡。"
57,88，89，90，91,"风沙活动的防治：
1.工程措施：阻沙（设置沙障阻挡风沙）；固沙（设置草（石）方格，固定沙面）。
2.生物措施：因地制宜开展生态建设，保护和恢复植被（保育自然植被、植树造林、种草等），防风固沙；合理利用水资源，保障生态用水。
3.组织管理措施：调整农业结构，合理控制农牧业生产规模；加强宣传教育，提高环保意识；建立风沙灾害的监测、预报机制；制定并严格实施防沙治沙的相关法律法规；对风沙危害严重地区实施生态移民。"
58,92，93,"产业协调的概念：
不同区域的产业依据各自的比较优势而建立，通过合理的分工与相互协作，达到区域间产业的相互依存、有序运行、良性循环和共同进步，并能促进区域整体目标实现的状态和过程。"
59,92，93,"产业协调类题目的解答步骤：
1.从各地区和各企业之间的优势条件进行分析，如各自的地理位置、产业特点以及发展现状等。
2.对于区域内的产业，需要加强科技研发、优化生产要素，促进人才、信息、技术、交通等要素协同。
3.对于区域之间的产业，需要发挥各自优势，在产业链的上中下游之间进行合理分工和密切合作，侧重于生产不同类型或不同档次的产品，明确产业链分工、产品分工，从而加强生产分工协作，形成产业集群，主动融入区域或全球产业链。
4.地处不同地区的产业，需要加强政府间的合作，建立和完善政府或企业间的产业联动机制，统一协调，共同发力。
5.需要与金融业、法律等相关服务业协作，强化产业与服务业、城镇建设的融合。"
60,374，377，378，568,"天体和天体系统：
天体：宇宙物质性的体现，类型包括星云、恒星、行星、卫星、流星体、彗星等，最基本的天体是星云和恒星。
天体系统：体现宇宙的运动性和层次性，运动性指天体相互吸引、绕转形成天体系统；层次性分为四级，从高到低依次为可观测宇宙、银河系、太阳系、地月系。"
61,374，375，378，567，569,"太阳系：
中心天体：太阳。八大行星：类地行星（水星、金星、地球、火星）、巨行星（木星、土星）、远日行星（天王星、海王星），小行星带位于火星轨道和木星轨道之间，太阳系中最著名的彗星是哈雷彗星。"
62,376，377，378,"行星地球：
地球是太阳系中一颗普通的行星：运动特征具有共面性、近圆性和同向性；结构特征与类地行星相似。
地球的特殊性是存在生命：外部条件是“安全”（大小行星各行其道，互不干扰）和“稳定”（太阳处于壮年，状态稳定）；自身条件是有适宜的温度、适合生物生存的大气和液态水。"
63,379，381，384，419，627,"太阳辐射：
太阳是巨大、炽热的气体星球，主要成分是氢和氦，表面温度约为6000K。太阳辐射是太阳以电磁波形式向宇宙空间放射能量；能量来源是内部的核聚变；对地球的影响包括提供光和热、维持地表温度、为人类活动提供能量，其分布受纬度、地势、天气等因素影响，中国太阳年辐射量空间分布因地区而异"
64,379，381，384，419，457,"影响太阳辐射的因素：
纬度因素：一般太阳辐射从低纬向高纬递减，纬度越低，正午太阳高度越大，获得太阳辐射越多；
昼长因素：一般昼长越长，太阳辐射越多，白昼越长，日照时数越长；
地势因素，一般地势越高，太阳辐射越强，地势越高，大气层越薄，大气透明度越高，太阳辐射越强；
天气因素，晴天，太阳辐射强，大气削弱作用弱，日照时数长。"
65,380，382，383，384,"中国太阳年辐射量空间分布及成因：
高值区：青藏高原地区——包括西藏、青海大部分地区、川西、滇西北等区域，成因是地势高，空气稀薄，大气透明度高，多晴朗天气，该地区是太阳年辐射量的高值中心，年太阳辐射量大于1700kW・h/m²；西北地区——主要为北疆、内蒙古高原东部、华北平原大部分、黄土高原一部分、甘肃南部、川北、川东、滇北一部分，成因是深居大陆内部，距海远，多晴朗天气，日照时间长。
低值区：四川盆地地区——主要为四川、重庆、贵州大部分地区，其中四川盆地为低值中心，成因是盆地地形，多阴雨和大雾天气，日照时间短；东南沿海地区——主要为东北大部分、东南丘陵地区、汉江流域、广西大部分、云南东南部、湖南东部，成因是距海近，受海洋影响大，多阴雨天气。"
66,385，386，387，388，570,"太阳活动：
太阳大气层结构：从内到外依次为太阳内部、太阳大气里层、太阳大气外层；太阳大气里层包括光球层、色球层、日冕层；光球层温度低、亮度和密度大，而日冕层温度高、亮度和密度小。
太阳活动类型：光球层主要活动是太阳黑子；色球层主要活动是耀斑、日珥；日冕层主要活动是日冕物质抛射；太阳活动周期约为11年。"
67,389，391，393，394，418,"地层和化石：
地层：是具有时间顺序的层状岩石，沉积岩地层未受扰动时，先沉积在下，后沉积在上，地层性质反映形成时的地表环境。化石：是确定地层年代和推断古地理环境的重要依据。"
68,390，391，392,"地质年代表：
分为冥古宙、太古宙、元古宙、显生宙（古生代、中生代、新生代），各时期生物演化和矿产形成不同，如前寒武纪是重要成矿期，古生代晚期是重要成煤期等"
69,390，391，393，394,"地球的演化历程：
前寒武纪：冥古宙，出现有机质，重要成矿期（铁、金、镍、铬等矿藏）；太古宙，出现蓝细菌，重要成矿期（铁、金、镍、铬等矿藏）；元古宙，蓝细菌大爆发，重要成矿期（铁、金、镍、铬等矿藏）。古生代：早古生代，陆地上出现低等植物，海洋无脊椎动物繁盛；晚古生代，裸子植物开始出现，蕨类植物繁盛，脊椎动物发展，出现两栖动物并逐渐进化为爬行动物，重要成煤期。中生代：裸子植物极度兴盛，爬行动物盛行，鸟类、小型哺乳动物出现，主要成煤期。新生代，被子植物高度繁盛，哺乳动物快速发展，第四纪出现人类。"
70,395，396，397，398，558,"地震波：
分为纵波（P波，传播速度快，可通过固体、液体、气体）和横波（S波，传播速度慢，只能通过固体），科学家通过地震波研究地球内部结构。"
71,399，400，401，402，548,"地球的内部和外部圈层结构及特征：
内部圈层由内到外包括地核（外核接近液态，内核为固态）、地幔（上地幔有软流层，为岩浆源地）、地壳，地壳厚度不均，大陆地壳厚，海洋地壳薄。外部圈层包括大气圈（主要成分氮气和氧气）、水圈（连续但不规则）、生物圈（占有大气圈底部、水圈全部和岩石圈上部），各圈层相互联系、渗透，形成自然环境。"
72,403，404,"地球自转特征和地理意义：
方向：自西向东，从北极上空看呈逆时针，从南极上空看呈顺时针。周期：恒星日（23时56分4秒，真正周期）和太阳日（24小时，昼夜交替周期）。速度：线速度从赤道向两极递减，赤道处线速度最大，纬度相同线速度相等，海拔越高线速度越大；角速度除极点外各地相等，均为15°/小时。地理意义：昼夜交替、时差、沿地表水平运动物体的运动方向的偏转。"
73,408,"昼夜交替：
昼夜交替：原因为地球自转且不透明、不发光，周期为1个太阳日。晨昏线（圈）：昼半球和夜半球的分界线，由晨线和昏线组成，其平面与太阳光线垂直，平分地球和赤道，移动方向与地球自转方向相反，速度与地球自转角速度相同，可据此判断地球自转方向、地方时、日期和节气、太阳直射点位置。"
74,404，405，406，407，408，422，508,"时差：
地方时：因经度不同而产生，东边时刻早于西边，经度每隔15°地方时相差1小时，每隔1°相差4分钟，计算时需注意经度差的计算（同减异加）、东西方向判断（东加西减）以及日期变更（超过24时或小于0时的处理）。时区与区时：全球分为24个时区，每个时区跨经度15°，各时区以中央经线地方时为区时，相邻时区区时相差1小时，计算时涉及时区推算、中央经线推算、区时计算以及与行程有关的区时计算，需注意北京时间和国际标准时的区别，部分高纬度国家有夏令时。国际日界线与自然日界线：国际日界线原则上为180°经线，固定不变，东侧为旧的一天，西侧为新的一天；自然日界线不固定，时刻在变，为0时或24时所在经线，东侧为新的一天，西侧为旧的一天。"
75,403,"沿地表水平运动物体的运动方向的偏转：
地转偏向力促使物体水平运动方向偏转，北半球向右，南半球向左，赤道不偏转，其只改变物体运动方向，不影响速度，在大规模气流和水流运动中表现明显。"
76,413，414，421,"地球公转特征和地理意义：
公转是地球绕太阳的运动。自西向东，北极上空俯视呈逆时针，南极上空俯视呈顺时针。恒星年（365日6时9分10秒），回归年（365日5时48分46秒），恒星年是公转真正周期，回归年表示太阳直射点在南北回归线之间往返运动。公转轨道为近似正圆的椭圆，1月初公转速度最快，位于近日点，太阳直射南半球，北半球为冬季；7月初公转速度最慢，位于远日点，太阳直射北半球，北半球为夏季，近日点位置较冬至日偏东，远日点位置较夏至日偏东。地理意义：昼夜长短的变化、正午太阳高度的变化、四季和五带"
77,415,"黄赤交角：
地球自转产生赤道平面，公转产生黄道平面，二者夹角为黄赤交角（约23°26′），导致太阳直射点在南北回归线之间移动，进而产生四季和五带。黄赤交角大小决定太阳直射点移动范围、回归线与极圈度数，其变化影响太阳直射点移动范围、速度、温带、寒带、热带范围以及全球昼夜变化幅度。"
78,409，410，411，412，413，414,"昼夜长短的变化：
太阳直射点所在半球昼长夜短，且纬度越高昼越长，极圈内有极昼现象；另一半球相反。春、秋分日全球昼夜等长。包括对称规律（同一日期，某地昼长等于其关于赤道对称纬度的夜长；同一地点，关于二至日对称两天昼夜长短相等）、递增规律（太阳直射点所在半球纬度增高，昼长越长；另一半球纬度增高，夜长越长）、变幅规律（纬度越高，昼夜变化幅度越大）、互余规律（出现极昼、极夜的起始纬度数与太阳直射点纬度数互余）。北半球夏半年，日出东北，日落西北，纬度越高偏北角度越大；赤道上日出正东，日落正西；南半球夏半年，日出东南，日落西南，纬度越高偏南角度越大；极昼区，北半球太阳正北升起、正北落下，南半球太阳正南升起、正南落下。"
79,411，412,"昼夜长短的计算：
可利用昼弧和夜弧弧度数计算（昼/夜长=昼/夜弧弧度数÷15°）、日出日落时间计算（昼长时间=日落时间-日出时间=2×(12时-日出时间)=2×(日落时间-12时)=24时-夜长；日出时间=12时-昼长÷2=夜长的一半）、昼夜长短分布规律计算（同一纬线昼夜状况、日出日落时间相同；南北半球纬度数相同纬线昼夜时长相反）、日期对称性计算（关于二至日或二分日对称的两个日期，太阳直射点位置及相关昼夜长短等情况有规律变化）。"
80,416，417，423,"正午太阳高度的变化：
太阳光线与地平面夹角为太阳高度，一天中最大值出现在正午为正午太阳高度。太阳直射点太阳高度为90°，晨昏线上为0°，昼半球大于0°，夜半球小于0°，以直射点为中心向四周递减。春、秋分日由赤道向南北两侧递减；夏至日由北回归线向南北两侧递减，北回归线及其以北地区达最大值，南半球达最小值；冬至日由南回归线向南北两侧递减，南回归线及其以南地区达最大值，北半球达最小值；南、北回归线上每年直射一次，之间地区每年直射两次。北回归线及其以北地区，夏至日最大，冬至日最小；南回归线及其以南地区，冬至日最大，夏至日最小；赤道至北回归线之间，直射时最大，冬至日最小；赤道至南回归线之间，直射时最大，夏至日最小；赤道上，春、秋分日最大，冬、夏至日最小"
81,416，417，419，423，638,"正午太阳高度的变化的计算和应用：
计算方法：H=90°-|当地纬度-太阳直射点纬度|（北纬度取正值，南纬度取负值）。
应用：可确定地方时（太阳高度达一天中最大值时为12时）、判断所在地区纬度、确定房屋朝向（北回归线以北房屋朝南，南回归线以南房屋朝北）、判断日影长短及方向（正午时日影最短，日影朝向与太阳方位背离）、计算楼间距和楼高（北回归线以北保证一楼全年有阳光，楼间距应大于L=h/tanH，H为冬至日正午太阳高度）、计算太阳能热水器安装角度（集热板与地面夹角α与当天正午太阳高度角H互余）。"
82,415，419，422，638,"四季和五带：
四季更替：成因是昼夜长短和正午太阳高度随季节变化，天文四季中夏季白昼最长、太阳高度最大，冬季相反，春秋是过渡季节；北温带许多国家以3、4、5月为春季等划分四季。
五带的划分：根据有无阳光直射和极昼极夜现象，分为热带（有阳光直射）、北温带、南温带（无阳光直射和极昼极夜）、北寒带、南寒带（有极昼极夜）。"
83,425，426，427，428，635，643,"大气的组成：
干洁空气：氮气是生物体基本元素；氧气维持生命活动、参与燃烧等过程；二氧化碳是光合作用原料、使气温升高；臭氧吸收紫外线、保护生物。
水汽和杂质：水汽分布因海陆、纬度、地势而异，可产生天气现象；杂质使大气能见度变差，但可作为凝结核成云致雨，其时空变化受多种因素影响。"
84,429，430，431，635,"大气的垂直分层：
依据：大气温度、密度和运动状况在垂直方向上的差异。
对流层：低纬17-18千米、中纬10-12千米、高纬8-9千米，气温随高度递减，空气对流运动显著，天气现象复杂多变，集中了大部分大气质量和水汽、杂质，与人类关系密切。
平流层：自对流层顶部至50-55千米，气温随高度增加而上升（臭氧吸收紫外线），大气以水平运动为主，无云雨现象，能见度高，有利于航空飞行，臭氧层有保护地球生命作用。
高层大气：高度在平流层顶以上，气压低、密度小，温度随高度先降后升，电离层对无线电通信有重要作用。"
85,432，433，434，502，532，635，642，643,"大气受热过程：
原理：太阳辐射到达地面使地面增温，地面辐射大部分被大气吸收使大气增温，大气辐射中射向地面的部分为大气逆辐射，补偿地面热量损失，实现大气对地面的保温作用。
能量来源与直接热源：能量来源为太阳辐射，地面长波辐射是近地面大气主要直接热源。
"
86,424，435，436，502，532，564,"大气对太阳辐射和地面的作用：
大气对太阳辐射的削弱作用：
反射：云层和尘埃反射太阳辐射（无选择性），云层越低、越厚反射越强，如夏季多云白天气温不太高。
散射：空气分子或微小尘埃散射太阳辐射（有选择性，蓝光、紫光易被散射），使天空呈蔚蓝色，日出前、日落后天空仍明亮。
吸收：对流层水汽和二氧化碳吸收红外线，平流层臭氧吸收紫外线。
大气对地面的保温作用：大气吸收地面辐射增温后产生大气辐射，大气逆辐射补偿地面热量损失，白天黑夜均存在。"
87,437，438，502，640,"逆温：
是气温随高度增加而上升的现象。
辐射逆温形成过程：晴朗夜晚地面冷却，贴近地面大气降温快，离地面越远降温越慢形成逆温，日出后逆温逐渐消失。
其他类型逆温及成因：地形逆温（山坡冷空气下沉至谷底，谷底暖空气抬升）、平流逆温（暖空气运动到冷地面上空，下层降温快形成逆温）、锋面逆温（冷暖气团过渡带，暖气团在上，冷气团在下形成逆温）。
逆温的影响：有利方面如抑制沙尘暴、减轻冻害、利于飞机飞行；不利方面如加重大气污染、产生大雾、降低能见度等。"
88,424，439，440,"热力环流：
成因：地面冷热不均。
形成过程：近地面冷热不均导致空气垂直运动，进而使同一水平面产生气压差，促使空气水平运动。
常见的热力环流形式：
1.海陆风：白天陆地升温快形成低压，海洋升温慢形成高压，风从海洋吹向陆地形成海风；夜晚相反形成陆风，可使滨海地区气温日较差减小、降水增多。
2.山谷风：白天山坡升温快空气上升形成谷风，夜晚山坡降温快空气下沉形成山风，山谷风常使谷底和盆地形成逆温层，阻碍空气垂直运动，易造成大气污染。
3.城市风：市区人为热源多气温高空气上升形成低压，郊区气温低气压高，风从郊区流向市区，绿化带布局于气流下沉处或距离内，卫星城或污染工厂布局于气流下沉距离外，城市风环流方向无昼夜和季节变化。
4.沙漠和森林之间的风向变化：白天沙漠增温快形成低压，森林增温慢形成高压，风从森林吹向沙漠；夜晚相反，风从沙漠吹向森林。"
89,441，442，443，444，445，636，639,"风的形成：
形成过程：水平气压梯度力促使大气产生水平运动形成风。
直接原因：水平气压梯度力，其方向从高压指向低压，大小与气压梯度有关。
形成风的三种力：水平气压梯度力使风沿等压线由高压指向低压；地转偏向力北半球向右、南半球向左，使风向逐渐偏离气压梯度力方向；摩擦力与风向相反，大小与下垫面性质有关，使风速减小、风向与等压线夹角变小。"
90,442，443，444，445，446，636，639,"风向和风力：
理想状态：只受水平气压梯度力，风向垂直于等压线指向低压。
高空风：受水平气压梯度力和地转偏向力，风向与等压线平行。
近地面风：受水平气压梯度力、地转偏向力和摩擦力，风向与等压线斜交。
风力：风力大小取决于水平气压梯度力大小，等压线密集处水平气压梯度力大，风力大。"
91,446，447，448，449，639,"三圈环流：
形成与分布：假设地表均匀、地球不自转时，极地与赤道间形成单圈闭合环流；考虑地球自转后，形成三圈环流，包括低纬环流（信风带、赤道低压带）、中纬环流（盛行西风带、副热带高压带、副极地低压带）、高纬环流（极地东风带、极地高压带）。
移动原因与规律：因太阳直射点南北移动，气压带和风带随之移动，北半球夏季北移，冬季南移，移动幅度约5°-10°。"
92,424，450，451，452，507，524，533,"海陆分布对大气环流的影响：
北半球海陆相间分布，海陆热力差异大，形成不同气压中心；南半球海洋占优势，纬向气压带分布更明显。1月份，北半球陆地冷却形成高压（如亚洲高压），切断副极地低压带；7月份，陆地升温快形成低压（如亚洲低压），切断副热带高压带。"
93,452，453，454，455，462，469,"东亚季风与南亚季风：
东亚季风：冬季盛行西北风，寒冷干燥，源于蒙古、西伯利亚高压，受海陆热力性质差异影响；夏季盛行东南风，温暖湿润，来自太平洋。冬季风强于夏季风，分布于中国东部、朝鲜半岛、日本及俄罗斯太平洋沿岸，形成亚热带季风气候和温带季风气候，雨热同期，但常受旱涝、寒潮等灾害影响。
南亚季风：冬季吹东北风，温暖干燥；夏季吹西南风，高温高湿，是由海陆热力性质差异和气压带、风带季节移动（南半球东南信风越过赤道，受地转偏向力影响右偏形成）共同作用。夏季风强于冬季风，主要影响印度半岛、中南半岛、菲律宾、中国西南地区及海南岛等地，形成热带季风气候，雨热同期，易发生旱涝灾害。"
94,368，439，456，457，462，464，524，545，627，636，638，640,"气温：
时间变化：日变化中，最高值一般在午后2时左右，最低值在日出前后；气温日较差大陆性气候大于海洋性气候，平原（山谷）大于山地（山峰），晴天大于阴天。年变化方面，北半球陆地气温7月最高、1月最低，海洋8月最高、2月最低，且随纬度增高年变化增大。
空间变化：对流层中气温随海拔升高而降低，每升高1000米约下降6°C；水平方向上由低纬向高纬降低，同纬度夏季陆地气温高于海洋，冬季海洋高于陆地。
影响因素：包括纬度位置（决定气温高低，影响等温线走向）、大气环流（盛行西风、极地东风、冬季风、夏季风等对气温影响不同）、比热容（水域比热容大，影响气温季节变化，如7月全球海洋等温线向南凸出）、地形（海拔、地形阻挡、山地背风坡等影响气温）、洋流（暖流增温，寒流降温，影响等温线凸出方向）、其他因素（如城市热岛效应、靠近冬季风源地等）。"
95,458，462，464，469,"降水的形成条件和主要类型：
形成条件：充足水汽（空气过饱和）、冷凝（气温降低）、较多凝结核。
主要降水类型：
1.对流雨：空气受热对流上升形成，强度大、历时短、伴有大风雷电，主要分布在赤道地区。
2.地形雨：暖湿空气遇地形阻挡上升形成，降水量取决于气流性质和地形坡度，分布于暖湿气流迎风坡。
3.锋面雨：冷暖空气相遇，暖气团被抬升形成，强度较小、历时较长、范围广，主要在温带地区。
4.气旋雨（台风雨）：暖湿气流围绕气旋中心旋转上升形成，温带地区常见，台风雨分布于中、低纬大陆东岸，强度较大。
"
96,323，459，460，461，462，464，469，491,"降水的影响因素：
影响因素：
1.大气环流：气流上升（如赤道低压带）、风由低纬吹向高纬（如西风带）、风由海洋吹向陆地（如夏季风）时易降水，而副热带高压带或信风带控制区降水少。
2.海陆位置：近海地区大气水汽含量丰富，降水多。
3.地形：平原利于水汽深入，盆地、谷地地形封闭，高原地势高，水汽难进入；山脉走向与气流方向关系影响水汽深入程度。
4.洋流：暖流增湿，寒流减湿。
5.下垫面：水域面积大则水汽充足，裸地水汽含量少。
6.人类活动：如城市凝结核多，形成雨岛效应。"
97,450，461，463，464，465，466，493，536，639,"主要气候类型：
单一气压带、风带控制的气候类型
气压带、风带季节移动形成的气候类型
季风气候与温带大陆性气候"
98,463，464,"单一气压带、风带控制的气候类型：
1.温带海洋性气候：分布在南北纬40°-60°大陆西岸，全年受西风带控制，终年温和湿润，年降水量700-1000mm。2.热带沙漠气候：位于南北纬20°-30°大陆内部、西岸，受副热带高压带或信风带控制，终年炎热干燥，降水量小于250mm。3.热带雨林气候：分布于南北纬10°之间，终年受赤道低压带控制，终年高温多雨，年降水量2000mm以上。"
99,64，449，463，499,"气压带、风带季节移动形成的气候类型：
1.地中海气候：在南北纬30°-40°大陆西岸，夏季受副热带高压带控制，炎热干燥；冬季受西风带控制，温和多雨，年降水量300-1000mm。
2.热带草原气候：分布在南北纬10°-20°之间，干季受信风带控制，湿季受赤道低压带控制，全年高温，一年分干湿两季，年降水量750-1000mm。"
100,461，465，466，645,"季风气候与温带大陆性气候：
1.热带季风气候：大致在10°N-25°N大陆东岸，受气压带、风带季节移动和海陆热力性质差异影响，终年高温，分旱、雨两季，年降水量1500-2000mm。
2.亚热带季风气候：在南北纬25°-35°大陆东岸，由海陆热力性质差异形成，夏季高温多雨，冬季温和少雨，年降水量800-1500mm。
3.温带季风气候：位于35°N-50°N亚欧大陆东岸，因海陆热力性质差异产生，冬季寒冷干燥（0°C以下），夏季高温多雨，年降水量400-800mm。
4.温带大陆性气候：分布在温带大陆内部，深居内陆受海洋影响小，终年受大陆气团控制，冬季严寒，夏季高温，常年干旱少雨。"
101,467，468，556,"特殊地区气候类型及成因：
1.非洲马达加斯加岛东侧、澳大利亚东北部、巴西高原东南沿海和中美洲东北部的热带雨林气候，成因是来自海洋的信风、迎风坡地形和沿岸暖流影响。
2.赤道地区的东非高原形成热带草原气候，是因为地势高，上升气流弱。
3.南美洲巴塔哥尼亚高原位于西风带内但形成温带大陆性气候，是由于山脉阻挡西风，处于背风坡，降水稀少。
4.南北美洲西海岸气候呈南北狭长延伸，是受高大的科迪勒拉山系影响，局限于太平洋沿岸地带。
5.南美洲秘鲁沿岸受秘鲁寒流影响，热带沙漠气候延伸到赤道附近。
6.北半球中高纬度大陆东岸同一种气候分布纬度较低，受沿岸寒流影响；西岸分布纬度较高，受沿岸暖流影响。"
102,473，474，477，496,"气团：
水平和垂直方向上物理性质均匀的大范围空气，分为冷气团（温度低于到达地区气温）和暖气团（温度高于到达地区气温）。"
103,473，474，477，496,"锋面：
特征：冷气团在下，暖气团在上，锋面向冷气团一侧倾斜；锋面附近多阴雨、大风天气，降水多在冷气团一侧。
分类：冷锋（冷气团主动向暖气团移动）、暖锋（暖气团主动向冷气团移动）、准静止锋（冷暖气团势力相当，锋面来回摆动）。"
104,470，471，472，473，474，491，496,"冷锋与暖锋对比：
过境前：冷锋过境前气温较高、气压较低、天气晴朗；暖锋过境前气温较低、气压较高、天气晴朗。
过境时：冷锋过境时气温降低、气压升高、多雨雪大风天气；暖锋过境时气温升高、气压降低、多连续阴雨天气。
过境后：冷锋过境后气温较低、气压较高、天气转晴；暖锋过境后气温较高、气压较低、天气转晴。
中国典型天气：冷锋如冬季寒潮、北方夏季暴雨、北方冬春季节大风或沙尘暴天气；暖锋如华南春雨。"
105,473，474，475，496,"锋面性质的判断：
依据概念判断：冷气团主动移动为冷锋，暖气团主动移动为暖锋，可根据锋面移动方向判断。
依据符号判断：冷锋符号三角指向为移动方向，三角标注位置为锋前；暖锋符号半圆凸出方向为移动方向，半圆标注位置为锋前。
依据结构判断：冷气团只向一个方向运动，说明冷气团势力强，为冷锋；冷气团有“回转”运动，说明暖气团势力强，为暖锋。降水区位置上，冷锋雨区窄，大部分在锋后；暖锋雨区宽，在锋前，且不论冷锋暖锋，降水都主要在冷气团控制范围内。
依据天气特征判断：锋面过境时，气温下降、气压升高为冷锋，气温上升、气压下降为暖锋；冷锋降水强度多为狂风暴雨（移动慢时为连续性降水），暖锋多为连续性降水，强度小。"
106,472，476，478，496,"特殊锋面：
准静止锋：锋面坡度小，移动幅度小，如江淮准静止锋使江淮地区夏初出现梅雨天气，昆明准静止锋使昆明一侧晴朗温暖，贵阳一侧阴雨寒冷。
锢囚锋：由冷锋赶上暖锋或两条冷锋相遇形成，将暖空气抬到高空，云层变厚、降水增加、降水区域扩大，如云贵高原北部常出现两支冷锋相遇形成的锢囚锋，降水量较大。
海风锋：海风从海面向陆地推进遇陆地上较热空气层形成，春夏季及午后易出现，常向内陆推进，如中国沿海地区受海陆热力性质差异影响会出现海风锋。"
107,479，480，481，496,"高、低压与天气：
气旋（低压）：气压中心低、四周高，水平气流从四周流向中心（北半球逆时针辐合，南半球顺时针辐合），垂直气流上升，多阴雨天气，如夏秋季节影响中国东南沿海的台风天气。
反气旋（高压）：气压中心高、四周低，水平气流从中心流向四周（北半球顺时针辐散，南半球逆时针辐散），垂直气流下沉，多晴朗、干燥天气，如夏季长江流域的伏旱天气、秋季中国北方秋高气爽天气、冬季中国北方干冷天气。"
108,482，483，484，485，496,"锋面气旋与天气：
近地面气旋在低压槽处易形成锋，锋面与气旋联系形成锋面气旋，主要活动在中纬度温带地区。北半球锋面气旋左侧为冷锋、右侧为暖锋，冷锋为锋后雨，暖锋为锋前雨；暖锋前有宽广暖锋云系和连续性降水，冷锋后有较狭窄冷锋云系和阵性降水，低压中心多阴雨天气。南半球锋面气旋东侧为暖锋，西侧为冷锋，气流运动方向与北半球相反。"
109,482，483，484，485，496,"锋面气旋图的判读：
判断锋面位置：锋面出现在低压槽中，锋线与低压槽线重合。
判断半球或风向：根据风向与等压线关系判断半球，北半球风向向右偏，南半球向左偏；也可根据已知半球判断锋面附近风向。
判断冷暖空气（气团）：确定南北半球后，北半球锋面北侧为冷气团，南半球锋面南侧为冷气团。
判断锋面性质：南北半球锋面气旋东侧均为暖锋，西侧均为冷锋（“东暖西冷”）。
判断锋面移动方向：北半球锋面呈逆时针方向运动，南半球呈顺时针方向运动（“北逆南顺”）。"
110,486，487，488，496,"主要气象灾害的成因、分布及防御措施：
1.台风：热带、亚热带海区强烈发展的热带气旋，夏秋季节主要分布在东部沿海地区及近海内地。防御措施包括及时预报、建立健全减灾政策法规体系、营造沿海防护林、提高公众防灾减灾意识等。
2.暴雨洪涝：锋面、气旋系统造成短时间集中降水致地表水泛滥，夏季除西部沙漠地区外均有暴雨，东部地区有大暴雨和特大暴雨。需加强监测预报、宣传教育，植树种草涵养水源、保持水土，修建水库、分洪蓄洪工程，退耕还湖，疏浚河道等。
3.干旱：长时期无降水或降水异常偏少致空气干燥、土壤缺水，春夏季节分布普遍，以西北、华北及东北地区为主。可植树种草、修建水库跨流域调水、开挖机井、加强监测预报等。
4.寒潮：强冷空气迅速入侵造成大范围剧烈降温，冬半年影响范围大，以西北、华北及东北地区为主，除青藏、滇南、海南外。要加强警报、做好防寒准备。
5.沙尘暴：气候干旱、降水少，快行冷锋及春季大风，地表植被稀少，冬春季节多发，春季最严重，分布于西北、华北地区。应营造防护林、退耕还林还草。"
111,489，496,"中国主要气象灾害成因的关联性：
强冷空气活动与海陆热力性质差异有关，可形成寒潮，带来寒冷干燥天气；冷暖空气交汇形成锋面雨带，受西太平洋副热带高压位置和强弱影响，雨带移动异常，导致各地降水异常，引发水旱灾害；西太平洋热带气旋发展，夏秋季节移至中国东南沿海形成台风；此外，大气环流异常还会引发干旱、洪涝等灾害。如江淮流域梅雨受夏季风强弱影响，入梅出梅时间早晚、梅雨期长短变化易引发旱涝灾害。"
112,510，511，512，513,"水循环的类型、环节：
水循环包括海陆间循环（海洋水汽蒸发，通过水汽输送到陆地上空，降水形成地表径流和地下径流，最终返回海洋）、陆地内循环（陆地上的水汽蒸发、降水等环节在陆地内部进行）、海上内循环（海洋表面的水汽蒸发后又在海洋上空凝结降水回到海洋），环节有蒸发、水汽输送、降水、地表径流、下渗、地下径流等。"
113,510，511，512，513,"水循环各环节的影响因素：
蒸发：受光照、气温、风速、湿度、水域表面积等因素影响，光照强、气温高、风速大、湿度小、水域表面积大时蒸发量大。
水汽输送：风力、距海远近、地形影响水汽输送，风力大、距海近、地形平坦利于水汽输送。
降水：充足水汽、强烈上升运动、多凝结核利于降水形成。
地表径流：年降水量、流域面积、蒸发、植被、地质条件、人类活动影响地表径流，年降水量大、流域面积广、蒸发弱、植被覆盖率高、地质条件不易下渗、人类活动影响小，则地表径流量大。
下渗：沙质土壤、坡度小、植被茂密、降水强度小、降水持续时间长利于下渗。
地下径流：含水层渗透性、地下水埋藏条件、补给量、地形、地质构造、人类活动影响地下径流。"
114,514,"水循环的意义：
维持全球水量动态平衡，使地球上的水量保持相对稳定。
缓解不同纬度地区热量收支不平衡，调节全球热量分布。
作为海陆间联系的主要纽带，实现海陆间物质和能量交换。
塑造地表形态，如流水侵蚀、搬运、沉积等作用形成各种地貌。
影响全球气候和生态，对局部地区气候和生态系统稳定起重要作用。"
115,515，516，550,"水体类型及相互关系：
陆地水体类型：包括河流、湖泊、冰川、沼泽、地下水等。
陆地水体补给关系:
湖泊水与河流水的互补：丰水期河流水位高，补给湖泊水；枯水期湖泊水位高，补给河流水。
地下水与河流水的互补：丰水期河流水补给地下水，枯水期地下水补给河流水。
湖泊水与地下水的互补：湖泊水位高时补给地下水，水位低时接受地下水补给。"
116,515，516，517，550,"河流主要补给类型：
雨水补给：雨季时，降水量的多少、季节变化和年际变化影响河流流量，主要分布在东部季风区。
季节性积雪融水补给：春季，气温升高使积雪融化，补给河流，受气温高低、积雪多少、地形状况影响，主要在东北地区。
永久性积雪和冰川融水补给：夏季，太阳辐射、气温变化、积雪和冰川储量影响融水量，分布于西北和青藏高原地区。
湖泊水和地下水补给：全年进行，取决于湖泊水位和地下水水位与河流水位高低关系，分布普遍。"
117,515，517，518，519，520，521，550,"河流水文特征：
水文特征分析：
1.流量：补给量和流域面积决定流量大小，补给方式影响季节变化，流量大、流量平稳、丰水期长、无结冰期、含沙量小对航运有利。
2.汛期：与补给方式有关，补给季节水位高，冰雪融水量大也使水位高。
3.含沙量：地形坡度、地表物质、植被覆盖度、降水强度影响含沙量。
4.结冰期：最冷月均温低于0°C有结冰期，气温越低结冰期越长，有结冰期且从较低纬流向较高纬的河段可能有凌汛。
水文特征的描述：包括流量大小及变化、水位高低及变化、汛期长短及出现时间、含沙量大小、结冰期有无及长短、流速快慢（或水能资源丰富程度）等。"
118,515，520，521，550,"湖泊水文特征：
水量受气候、集水范围、补给类型、人类活动影响；
季节变化取决于补给类型；
含沙量与周边地形、入湖河流挟沙量、植被、气候有关；
结冰期受气候、水量、水深、盐度影响；
盐度受气候、有无河流流出、封闭程度、人类活动影响。"
119,522，523，524，525,"海水性质：
温度、盐度：1000克海水中所含盐类物质的多少、密度：单位体积海水质量
"
120,76，94，544,"土壤盐碱化的形成条件：
“高、大、有”
1.“高”是指地下水位高，较高的地下水位使地下水中的盐分随水位上升，在土壤表面聚集。
2.“大”是指土壤中的水分蒸发量大，促进地下水中的盐分向上运动和累积。
3.“有”是指有盐分积聚，致使土壤含盐量增加，最终达到一定浓度，形成盐碱地。
收入量=支出量—盐碱地盐度保持现状；
收入量>支出量—盐碱地盐度增大；
收入量<支出量—盐碱地盐度减小。"
121,76，94,"盐碱化的治理措施：
盐碱化的治理，核心是给地表“脱盐”，降低地表的盐度。(1)生物措施：通过植物、动物、微生物去调整土壤的含盐量。(2)物理措施“淋”:引淡淋盐；“排”:暗管排盐，井灌井排；“换”:客土置换；“盖”:覆盖薄膜。(3)化学措施：通过在土壤中施用化学改良剂，来治理盐碱化。"
122,522，525,"海水温度：
热量来源：主要收入是太阳辐射，支出主要是海水蒸发。
分布规律：随时间变化，同一海区夏季水温高、冬季低，白天高、夜晚低；水平方向上由低纬向高纬递减；垂直方向上海面至水下1000米水温递减，1000米以下变化小。不同纬度、洋流、海陆分布、大气运动、深度等因素影响海水温度分布。
3.海水温度的影响：影响海洋生物分布，表层是主要聚集地，不同纬度生物类型不同，水温季节变化影响生物季节性游动，也影响海洋运输和沿海地区气候。"
123,523，524，525,"海水盐度：
世界大洋平均盐度约为35‰。
分布规律及原因：从副热带海域向赤道和两极递减，副热带海域盐度最高（炎热少雨，蒸发量大于降水量），赤道附近盐度较低（温度高但降水多），极地海域盐度低（温度低）；北纬60°附近比南纬60°附近盐度低（陆地淡水注入多）；红海盐度最高（副热带海区，降水少、蒸发旺盛、无淡水汇入、海域封闭），波罗的海盐度最低（纬度高、气温低、降水多、海区闭塞、淡水汇入多）。降水、蒸发、汇入海水、结冰融冰、洋流等影响海水盐度。"
124,525,"海水密度：
影响因素：温度、盐度、深度（压力）。
分布规律：大洋表层海水密度随纬度增高而增大，同纬度大致相同；中低纬度海区一定深度内密度随深度增大迅速增加，再往下变化小，高纬度海区密度随深度变化小，特殊海区有“海中断崖”现象。"
125,498，527，528，529，530，637，646,"海水运动和洋流：
海水运动的形式：海浪、潮汐和洋流。
洋流的成因：盛行风是主要动力，还受陆地轮廓、地转偏向力等影响，与气压带和风带分布密切相关。"
126,527，528，529，530,"世界表层洋流的分布规律：
1.中低纬大洋环流：分布在副热带海区，北半球顺时针，南半球逆时针；大陆东岸或大洋西岸是暖流，大陆西岸或大洋东岸是寒流。
2.中高纬大洋环流：北半球中高纬海区有逆时针环流，大陆东岸或大洋西岸是寒流，大陆西岸或大洋东岸是暖流；南半球没有形成环流。
3.北印度洋海区冬夏环流系统：冬季受东北风影响，季风洋流向西流，呈逆时针方向，由季风洋流、索马里暖流和赤道逆流组成；夏季受西南风影响，季风洋流向东流，呈顺时针方向，由季风洋流、索马里寒流和南赤道暖流组成。"
127,527，530,"洋流对地理环境的影响：
气候：促进高低纬度间热量输送和交换，调节全球热量分布；暖流增温增湿，寒流降温减湿。
海洋生物：寒暖流交汇处或上升流处饵料丰富，形成渔场。
海洋环境：加快海水净化速度，扩大污染范围。
海洋航行：影响航行速度、时间和经济效益，寒暖流相遇或寒流流经地区易形成海雾，洋流带来的冰山影响航运安全。"
128,540，541，542，572,"海-气相互作用与全球水热平衡：
海-气间的水热交换：
海洋通过蒸发向大气提供水汽，大气中的水汽凝结后以降水形式返回海洋；海洋吸收太阳辐射增温，通过潜热、长波辐射向大气输送能量，大气通过风向海洋传递动能驱动表层海水运动。
海-气相互作用与水热平衡：
海-气相互作用通过大气环流与大洋环流驱动水分和热量传输，维持全球水分和热量平衡，全球水量平衡通过水循环实现，热量输送通过大气运动和洋流实现。"
129,573，574,"沃克环流：
在赤道附近太平洋海区，信风使赤道暖流自东向西流，东岸表层海水被吹走，下层冷海水上涌，西岸暖流堆积下沉，形成东西方向表层海水温度差异。"
130,542，543，572,"厄尔尼诺与拉尼娜现象：
厄尔尼诺现象：
温暖海水从赤道向南流动，迫使秘鲁寒流减弱，赤道逆流增强；东南信风减弱；太平洋西岸水温降低，东岸升高；西岸干旱，东岸暴雨成灾；太平洋东岸海区水温升高，营养物质减少，浮游生物和鱼类、鸟类死亡。
拉尼娜现象：
冷水沿赤道附近海域向西扩散更远，赤道逆流减弱；东南信风增强；太平洋西岸水温升高，东岸降低；赤道中、东太平洋海域气压偏高，云量减少，西太平洋海域气压偏低，对流活动加强，云量增多，降水偏多。拉尼娜现象常出现在厄尔尼诺现象之后。"
131,95，96,"大洲、大洋分布及分界线：
亚洲中间高四周低、地形复杂，高原、山地面积广；欧洲以平原为主，地势低平，海拔最低；非洲为高原大陆；南极洲冰雪覆盖，平均海拔最高；南美洲西为山地，东部平原、高原相间分布；北美洲西山地，中平原，东高原、山地；大洋洲西高原，中平原，东山地
亚洲与欧洲的分界：乌拉尔山、乌拉尔河、大高加索山脉、土耳其海峡、里海、黑海
亚洲与非洲的分界：苏伊士运河、红海、曼德海峡
亚洲与北美洲的分界：白令海峡
亚洲与大洋洲的分界：帝汶海、阿拉弗拉海
欧洲与非洲的分界：直布罗陀海峡
欧洲与北美洲的分界：丹麦海峡
北美洲与南美洲的分界：巴拿马运河
南美洲与南极洲的分界：德雷克海峡
"
132,95，96,"大洲、大洋面积由大到小排序：
大洲：亚洲、非洲、北美洲、南美洲、南极洲、欧洲、大洋洲。
大洋：太平洋、大西洋、印度洋、北冰洋。"
133,97，98，648，649,"陆地地形和海底地形：
陆地地形：
1.山地，一般在500米以上，峰峦起伏，坡度陡峻
2.平原，一般在200米以下，平坦广阔或略有起伏
3.丘陵，较低，500米以下，起伏较小，坡度和缓
4.高原，较高，500米以上，地面坦荡，边缘陡峻
5.盆地，无固定标准，四周高，中间低
海底地形：
1.大陆架：靠近大陆的浅海地区，大陆向海洋的自然延伸，深度一般不超过200m。
2.大陆坡：介于大陆架和大洋底之间，大陆架是大陆的一部分，大洋底是真正的海底，因而大陆坡坡脚是大陆型地壳与大洋型地壳的真正分界线。
3.海沟：深度超过5000米的狭长的海底凹地。
4.海盆：海洋的底部有许多低平的地带，周围是相对高一些的海底山脉，这种类似陆地上盆地的构造叫做海盆或者洋盆。它是大洋底的主体部分。
5.大洋中脊：又称为中央海岭，是指贯穿世界四大洋、成因相同，特征相似的海底山脉系列。是新洋壳诞生处，因此海洋中离大洋中脊越近，岩石的年龄越新。"
134,99，100,"世界人口分布：
人口稠密区：亚洲东部和南部、欧洲西部以及北美洲东部等中低纬度近海的平原地带。
人口稀疏区：干旱的荒漠、寒冷的极地、空气稀薄的高山高原、原始的热带雨林。"
135,101,"面积位于前六位的国家：
俄罗斯、加拿大、中国、美国、巴西、澳大利亚"
136,102，103,"世界经济发展水平差异：
发达国家：主要分布在欧洲、北美洲、大洋洲。
发展中国家：主要分布在亚洲、非洲、拉丁美洲。"
137,106，107,"亚洲自然地理特征：
地形特征：面积广大，地势起伏大；中部高、以高原、山地为主；
气候特征：东部和南部为季风气候区；中亚、西亚为干旱和半干旱地区；北亚为亚寒带针叶林气候区。
河流特点：由于面积广大，地势起伏大，因而众多长河，落差大，水能丰富；由于中部高、以高原、山地为主，因而呈放射状，流入三大洋；由于东部和南部为季风气候区，形成夏汛，水量季节变化大；由于中亚、西亚为干旱和半干旱地区，多内流河，水量小，补给水源以冰雪融水和山地降水为主；由于北亚为亚寒带针叶林气候区，结冰期长，有春汛、夏汛和凌汛现象"
138,106，107,"东亚和中亚地理特征：
1.东亚
地形：西部内陆多高原山地，东部沿海多平原。
气候：东部为温带、亚热带季风气候，西部为温带大陆性气候和高原山地气候。
居民：黄色人种。
经济：东部沿海经济发达，西部畜牧业发达。
2.中亚
地形：以丘陵、平原为主，地势东南高、西北低。
气候：冬冷夏热，降水少，以温带大陆性气候为主。
居民：白色人种和黄色人种。
经济：荒漠畜牧业、灌溉农业，矿产资源丰富，采矿业发达。"
139,106，107,"东亚主要国家—日本的地理特征：
1.自然环境
海陆位置：海岸线曲折，群岛国家
地形：多山地、丘陵。
气候：海洋性季风气候。（由海陆位置和经纬度位置决定）
水文：河流短小，水能丰富
植被：森林丰富
资源：能源矿产资源短缺，地热能丰富，渔业资源丰富
2.社会经济
工业：沿海分布、出口加工
交通：海运便利（由海陆位置决定）
人口：人力资源丰富
科技：科技水平较高
农业：小型农机，单产高"
140,50，51,"东南亚与南亚地理特征：
1.东南亚
地形：中南半岛山河相间，纵列分布；马来群岛多火山。
气候：高温多雨，有热带季风气候和热带雨林气候。
居民：黄色人种，多信奉佛教。
经济：季风水田农业和热带种植园农业。
2.南亚
地形：北部喜马拉雅山，中部印度河-恒河平原，南部德干高原。
气候：全年高温，分旱、雨两季，热带季风气候显著。
居民：白色和黑色人种，是佛教和印度教发源地。
经济：民族工业发展快，已形成完整工业体系。"
141,50，51,"南亚主要国家—印度的地理特征：
恒河平原：降水丰富，地势平坦，种植小麦、水稻、甘蔗、黄麻等农作物；
德干高原西北部：降水较少，种植棉花和小麦，棉纺织工业发达；
班加罗尔地区：科技发达，交通便利，为高新技术工业区；
喜马拉雅山脉迎风坡：降水丰富，种植茶树；
德干高原东北部：煤、铁、锰等矿产资源丰富，钢铁工业、麻纺织工业发达"
142,59，60,"西亚的地理特征：
1.重要地理位置：地处两洋、三洲、五海之地。
2.自然环境：沙漠面积广大（以高原为主的地形，炎热干燥的气候），重要的交通位置，丰富的石油资源
3.经济发展：畜牧业和灌溉农业，石油生产和出口
4.居民与文化：以阿拉伯民族为主的居民，典型的伊斯兰文化，主要宗教发源地。"
143,111，113,"非洲气候特征、类型及成因：
气候特征：
干：副热带高压带控制范围广且受干燥的信风带影响；海岸线平直
热：纬度低，热带范围广
对称：以赤道为轴，气候类型南北对称分布
气候类型及成因
热带雨林气候：受赤道低气压带控制，盛行上升气流，降水丰富，主要分布在刚果盆地、几内亚湾沿岸和马达加斯加岛东侧。
热带草原气候：受赤道低气压带和信风带交替控制，全年高温，分干湿两季，分布在热带雨林气候带南北两侧。
热带沙漠气候：受副热带高气压带或信风带控制，炎热干燥，分布在回归线附近大陆西岸和内陆地区，如撒哈拉沙漠。
地中海气候：受副热带高气压带和西风带交替控制，夏季炎热干燥，冬季温和多雨，分布在非洲南北两端。
高原山地气候：地势高，气温低，降水较少，分布在埃塞俄比亚高原、东非高原等地区。"
144,111，113,"非洲气候类型分布的特殊区域：
1.赤道穿过的非洲东部地区形成热带草原气候而不是热带雨林气候，主要原因为东非高原海拔高，气温低，赤道附近大气对流较弱，降水较少。
2.回归线附近的马达加斯加岛东部是热带雨林气候而不是热带草原气候，其原因是马达加斯加岛的东侧，虽然远离赤道，但因为处在来自海洋的信风的迎风坡，受地形的抬升作用，加上附近有马达加斯加暖流经过，形成了热带雨林气候。
3.索马里半岛沿岸为热带沙漠气候的主要原因：受夏季沿岸上升流减湿作用的影响；夏季的西南风与冬季的西北风来自陆地，带来的水汽少；夏季风和冬季风与海岸线平行。"
145,52，53,"北非的地理特征：
气候：以热带沙漠气候为主，降水少，沙漠广布。
资源：石油资源丰富，水资源短缺。
居民与文化：以阿拉伯人为主，多信仰伊斯兰教。"
146,115，499,"北非主要国家—埃及的地理特征：
位置：埃及位于非洲的东北部，东、北两面分别濒临红海和地中海，亚洲境内的西奈半岛也是埃及的领土。
主要经济支柱：石油、运河收入、侨汇和旅游业，以及长绒棉。
尼罗河三角洲上的开罗和亚历山大大致位于30°N和30°E的交会处。
苏伊士运河：沟通地中海与红海，连接大西洋和印度洋。
尼罗河的赠礼：①尼罗河沿岸平原和三角洲；②肥沃的土壤；③便利的灌溉水源"
147,52，53，531,"撒哈拉以南非洲的经济特征：
经济特征：以单一商品为主的经济，经济发展缓慢，经济地位较低
形成原因与解决措施
形成原因：
出口：因为热带气候类型和矿产资源丰富，带来热带经济作物、矿产、木材等原材料
进口：因为经济发展落后和长期殖民通知，导致长机械、汽车等工业制品缺乏
解决措施：发展民族工业，发展多样化农业，加强经济合作。"
148,116，119,"欧洲西部自然概况和人文概况：
自然概况
1.地形：以平原为主，北部有斯堪的纳维亚山脉、南部有阿尔卑斯山脉、比利牛斯山脉，地貌深受第四纪冰川影响。
2.气候：以温带气候（海洋性、大陆性）为主，南部地中海沿岸为地中海气候。
3.河流与湖泊：河流短小，河网稠密，主要有莱茵河、多瑙河；湖泊多为冰川作用形成。
人文概况：人口稠密，人口自然增长率低，老龄化严重；经济发达，乳畜业发达，工业以制造业为主，旅游业发达。"
149,116，119,"欧洲西部典型的温带海洋性气候及其对农业的影响：
1.特征：在世界各地的温带海洋性气候中，欧洲西部的温带海洋性气候最为典型，最为突出。具体表现：冬无严寒、夏无酷暑；气温的日较差和年较差都小；年、日最高气温与最低气温出现的时间都比大陆性气候迟；空气的相对湿度大，云雾多，降水量的时空分布比较均匀。
2.成因及对农业的影响
温带海洋性气候分布最广，
深受大西洋影响：
1.大气环流：大部分位于40°N-60°N之间，盛行西风从大西洋带来充足的水汽。
2.地形：以平原为主，山地东西走向，有利于湿润的西风深入内陆。
3.洋流：西临大西洋，受北大西洋暖流的影响显著，增温增湿。
3.海陆轮廓：海岸线曲折，各地距海洋近，受海洋影响明显。
对农业的影响：光照不足，不利于粮食作物生长，但有利于多汁牧草的生长，对发展乳畜业有利。"
150,54，55，56,"俄罗斯概况：
耕地面积广，分布于东欧平原中南部，顿河、伏尔加河流域气候温和，适宜发展商品谷物农业，但是农业生产不稳定
自然资源丰富，钢铁、机械、化学等工业发达，以重工业为主（莫斯科工业区，圣彼得堡工业区，乌拉尔工业区，新西伯利亚工业区）
纬度高，亚寒带针针叶林广布"
151,54，55，56,"俄罗斯农业分布与自然环境的关系：
东欧平原中南部，纬度相对较低，夏季气温较高，有伏尔加河和顿河流经，水热配合较好，是该国主要的农业区，主要种植小麦、玉米、甜菜、向日葵等作物。
俄罗斯北部气温低，不利于种植业的发展，是世界上最大的针叶林分布区。
东南部是温带季风气候，但多为山地，制约了种植业发展。
中南部地区夏季气温较高，但降水较少，水热配合欠佳，且大部分地区是高原，不利于种植业的发展。"
152,130，131,"北美洲地形对气候的影响：
西部：科迪勒拉山系阻挡了湿润的西风气流深入内地，使地中海气候、温带海洋性气候仅分布在西部沿海狭长的地带，落基山脉和海岸山脉之间的高原、盆地成为半干旱地区。
中部平原：中部平原贯通南北，是冬、夏冷暖气流的通道，冬季冷气流从北冰洋长驱直入，可达墨西哥湾形成大风、暴雪、寒潮天气，夏季墨西哥湾暖湿气流北上，使本区中部和东部普遍湿热。
东部：低缓的高原、山地对大西洋湿润气流阻挡作用不显著，降水由沿海向内陆逐渐减少，由于本区海陆面积对比不如亚欧大陆，所以由海陆热力性质差异产生的季风势力不强，加上阿巴拉契亚山脉的阻挡，夏季风只能影响北美的东南部地区，形成亚热带季风性湿润气候。"
153,61，62，130，131,"美国的地理特征：
高度发达的工农业：
1.因大部分地区气候温暖湿润，耕地面积广大，地势平坦土壤肥沃，草场资源丰富，水源充足（密西西比河、五大湖等），拥有发达的商品谷物农业、大牧场放牧业、乳畜业等
2.科技发达
3.因水源充足（密西西比河、五大湖等），交通运输遍历，矿产资源丰富，形成东北部工业区、南部工业区、西部工业区"
154,130，131,"美国东部温带大陆性气候的特征及成因：
气候特征：冬冷夏热，气温年较差大，降水总量适中，夏雨较多。
气候成因：北美西部高山阻挡海洋气流深入，中部平原纵贯南北，冬季极地冷气流可从北冰洋长驱直达南部墨西哥湾；夏季，墨西哥湾暖湿气流北上，使北美中部和东部普遍暖热，冬夏温差大。"
155,125，127，460,"南美洲的地形与气候分布：
地形与气候分布
地形：西部是安第斯山脉，是世界最长的山脉；东部平原、高原相间分布，从北到南依次是奥里诺科平原、圭亚那高原、亚马孙平原、巴西高原、拉普拉塔平原、巴塔哥尼亚高原。
气候：热带雨林气候分布在亚马孙平原，热带草原气候分布在巴西高原，热带沙漠气候分布在秘鲁沿岸，地中海气候分布在智利中部，温带海洋性气候分布在智利南部，温带大陆性气候分布在巴塔哥尼亚高原。
气候特征与成因
南美洲大部分地区年均温在20℃以上，降水在1000毫米以上。气候特征以湿热为主，成因如下：
①纬度位置和大陆轮廓：赤道横穿南美洲，位于热带的部分大陆轮廓宽广。
②海陆位置和洋流：南美洲位于太平洋和大西洋之间，受海洋影响大；又有暖流(南赤道暖流、巴西暖流)经过，起增温增湿作用。
③地形地势：安第斯山脉西岸多地形雨，亚马孙平原北、西、南三面地势高，东面向大西洋敞开，水汽容易深入陆地。
④气压带和风带：地处赤道低压带，上升气流多雨；东北信风和东南信风从大西洋吹向陆地，带来丰沛降水。"
156,125，126，127,"南美洲人口分布特征和环境的关系：
东南沿海人口集中：地处温带和亚热带，气候温暖湿润；有港口，交通便利；开发早，农牧业和工矿业发达。
东北部沿海人口稀少：原始的热带雨林广布，气候湿热。
内陆和西部人口稀少：气候干旱，多草原和沙漠。"
157,125，126，127，556,"巴西的区域差异：
亚马孙平原：气候湿热，地势低平，世界最大雨林分布区。生态保护是重点
巴西高原：气候凉爽，适宜人类生存。人口和城市从东南沿海向高原转移
巴西东南沿海：海上交通便利，气候适宜，开发较早，铁矿资源丰富。重工业及人口、城市主要分布区
南部亚热带季风性湿润气候区：适宜种植咖啡、玉米等农作物"
158,63，128,"澳大利亚概况：
地形：西部低矮高原；中部平原、盆地（大自流盆地）；东部山地（大分水岭）。
气候、植被：呈半环状分布。澳大利亚大陆地处热带和亚热带，降水从北、东、南三面沿海向内陆呈半环状递减，植被带也相应地呈半环状分布，由沿海的森林带向内陆逐渐过渡为草原带、荒漠带。
成因：
1.热带草原气候：夏季（南半球）受来自赤道的西北风影响，水汽充足，降水丰富，为湿季；冬季受东南信风影响，为干季。
2.热带雨林气候：来自海洋的东南信风的迎风坡，降水多；东澳大利亚暖流的增温、增湿作用；
3.亚热带湿润气候：受海陆热力性质差异和东澳大利亚暖流增温、增湿的影响
4.温带海洋性气候：终年受西风带影响
5.地中海气候：受副热带高压带和西风带的交替控制
6.受副热带高压带和来自东南信风控制，全年少雨，西北沿海又受西澳大利亚寒流的降温、减石影响
河流、湖泊：最大河流是墨累河，注入印度洋；最低处是北艾尔湖；中部平原地下水丰富。
居民：主要为欧洲白色人种后裔，人口集中分布在东南沿海。
资源和经济：矿产丰富，其中铁、煤、铝土、锰等矿产的储量居世界前列。经济发达，有“骑在羊背上的国家”和“坐在矿车上的国家”之称。
"
159,63，128,"澳大利亚四面临海，但还有广阔的干旱地区的成因：
1.南回归线横贯大陆中部，大部分地区终年受到副热带高压带控制，气流下沉，不易降水。
2.澳大利亚大陆轮廓比较完整，大陆东西宽，南北窄，扩大了副热带高压带的控制面积。
3.东部高大的大分水岭缩小了东南信风和东澳大利亚暖流的影响范围。
4.广大的中部和西部地区地势平坦，抬升作用不是很明显。"
160,57，58,"两极地区概况：
南极地区
位置图示：位于南半球高纬度地区，被太平洋、大西洋和印度洋环绕。
地形：以高原为主，平均海拔最高的大洲，冰层平均厚2000多米，有“冰雪高原”之称。
气候：“白色荒漠”，酷寒、干燥、烈风。
资源：世界上淡水资源最丰富的大洲，煤、铁储量丰富，生物资源有磷虾、鲸、企鹅等。
科考：每年11月至次年3月（极昼、暖季）为最佳考察时间；中国建有长城站、中山站、昆仑站、泰山站。
北极地区
位置图示：主要位于北极圈以北的广大区域，包括北冰洋大部分及其周边的亚、欧、北美三洲部分地区。
地形：以海洋为主。
气候：以苔原气候为主，气温、降水量比南极稍高，风比南极小。
资源：石油、天然气、煤、铁资源丰富，有北极熊。
科考：3-11月为最佳考察时间；中国建有黄河站。"
161,547，552，553，561，578,"岩石类型：
岩浆岩：包括侵入岩（如花岗岩，结晶颗粒大、密度大、坚硬，是建筑材料和工业原料）和喷出岩（如流纹岩、玄武岩，矿物结晶颗粒小，有流纹或气孔）。
沉积岩：具有层理构造，含化石、非金属矿物（如石灰岩、砾岩、砂岩、页岩，石灰岩是建筑和化工原料，煤和石油是重要能源）。
变质岩：有片理构造，富含金属矿物（如大理岩、板岩、石英岩，大理岩是建筑材料，铁矿石是钢铁工业原料）。"
162,539，552，652，656,"岩石圈物质循环过程：
岩浆冷却凝固形成岩浆岩：岩浆经冷却凝固作用生成岩浆岩。
外力作用形成沉积岩：岩浆岩、变质岩和已生成的沉积岩受外力作用（风化、侵蚀、搬运、堆积）形成沉积岩。
变质作用形成变质岩：岩浆岩、沉积岩和已生成的变质岩在高温、高压的变质作用下形成变质岩。
重熔再生形成岩浆：各类岩石在一定条件下发生重熔再生作用形成岩浆。判断时需牢记相关窍门，如自岩浆始到岩浆终，生成岩浆岩的只能是岩浆；一个箭头指向的方框为岩浆岩，两个箭头指向的一般为沉积岩或变质岩，三个箭头指向的必为岩浆。"
163,575，576，577，630，631,"内力作用：
能量来源：主要来自地球内部的热能。
主要表现形式及影响：
地壳运动：水平运动形成绵长断裂带和巨大褶皱山脉；垂直运动引起地势起伏变化和海陆变迁。
岩浆活动：岩浆喷出地表可直接影响地表形态。
变质作用：不能直接塑造地表形态。"
164,539，554，630,"常见的地质构造：
褶皱：
1.背斜：岩层向上拱起，未侵蚀时成山，侵蚀后顶部受张力被侵蚀成谷，岩层中部较老、两翼较新，是储油、气构造，适宜挖隧道。
2.向斜：岩层向下弯曲，未侵蚀时成谷，侵蚀后槽部受挤压不易被侵蚀，形成山岭，岩层中部较新、两翼较老，是储水构造，适宜建大坝。
断层：岩层沿断裂面相对位移，常形成高地、块状山（如华山、庐山、泰山）或低地、谷地（如渭河平原、汾河谷地），泉水常出露，不宜建工程。"
165,578，579，580,"岩层新老关系的判断方法：
沉积岩岩层：根据岩层层序（下层较老，上层较新）和生物化石判断。
其他岩层：侵入岩形成晚于其所侵入的岩层；变质岩形成晚于其相邻的岩浆岩。"
166,546，581，582，583，630,"六大板块分布：
全球岩石圈分为六大板块，除太平洋板块几乎全是海洋外，其余五大板块既有陆地又有海洋。图中展示了这六大板块的分布情况，并且标注了板块的生长边界（海岭、断层）和消亡边界（海沟、造山带）。六大板块分别是：
1.亚欧板块：包含欧洲和亚洲的大部分陆地。
2.美洲板块：包括北美洲和南美洲。
3.非洲板块：主要是非洲大陆。
4.太平洋板块：几乎全为太平洋。
5.印度洋板块：包括印度洋及其周边陆地。
6.南极洲板块：主要是南极洲大陆。
板块的生长边界通常会形成海岭和断层，而板块的消亡边界则会形成海沟和造山带。这种板块运动对于地球表面的地形地貌有着重要的影响。"
167,546，549，555，562，581，631，651，657,"板块运动与地貌：
1.板块张裂区
边界类型：生长边界。
运动方向：板块相互分离。
形成地貌：裂谷、海洋、海岭。
举例：东非大裂谷、红海、大西洋。
2.板块碰撞区
大陆板块与大陆板块碰撞
边界类型：消亡边界。
运动方向：板块相互挤压。
形成地貌：高大山脉。
举例：喜马拉雅山脉、阿尔卑斯山脉。
大陆板块与大洋板块碰撞
边界类型：消亡边界。
运动方向：板块相互挤压。
形成地貌：海岸山脉、海沟、岛弧。
举例：落基山脉、太平洋西部岛弧、马里亚纳海沟。"
168,551，584，585，586，587，628，631，637，651,"外力作用：
能量来源：主要是太阳辐射能。
主要表现形式及影响：
风化作用：使岩石发生崩解和破碎、化学分解和生物分解等，为其他外力作用创造条件。
侵蚀作用：流水、冰川、风等对地表岩石及其风化产物进行破坏，使被侵蚀物质离开原地，形成侵蚀地貌，总体使地表起伏状况趋于平缓。
搬运作用：风、流水、冰川等移动风化或侵蚀的产物，为堆积地貌发育输送物质。
堆积作用：外力减弱或遇到障碍物时，被搬运物质堆积下来形成堆积地貌。不同区域主导外力作用不同，干旱、半干旱区以风力作用为主，半湿润区以流水作用为主，高山地区以冰川作用为主，沿海地区以海浪作用为主。
"
169,183，544，585，586，628，637，651，659,"外力地貌：
1.河流侵蚀地貌：初期溯源侵蚀和下蚀为主，侧蚀为辅，河谷呈“V”形谷；发育期侧蚀为主，下蚀减弱，河谷拓宽出现连续河湾；成熟期侧蚀和泥沙堆积为主，下蚀进一步减弱，河谷横剖面呈宽而浅的槽形。
2.河流堆积地貌：洪积冲积平原（山前）、河漫滩平原（河流中下游）、三角洲平原（河口地区）
3.风力、海浪、冰川地貌：风成地貌、海岸地貌、冰川地貌
4.喀斯特地貌"
170,183，544，628，637,"河流堆积地貌：
1.洪积冲积平原（山前）：季节性洪水或河流流出谷口，水流速度减慢，堆积形成多个洪积扇或冲积扇连接而成，以谷口为顶点呈扇形，冲积扇顶端到边缘堆积物质颗粒由粗到细。
2.河漫滩平原（河流中下游）：凹岸侵蚀，凸岸堆积形成河漫滩，河流改道后废弃河漫滩连接成河漫滩平原，地势平坦、宽广。
3.三角洲平原（河口地区）：河流挟带泥沙在河口堆积形成三角洲，若干个河口三角洲连成三角洲平原，多呈三角形，地势平坦，河网稠密，河道由分汉顶点向海洋方向呈放射状。"
171,585，587，660,"风力、海浪、冰川地貌：
1.风成地貌：风力侵蚀形成戈壁、风蚀洼地、风蚀柱、风蚀蘑菇、风蚀壁龛、风蚀城堡等，分布于干旱、半干旱地区；风力沉积形成沙丘（静止沙丘、移动沙丘）和黄土堆积。
2.海岸地貌：海蚀地貌有海蚀崖、海蚀平台、海蚀穴、海蚀拱桥、海蚀柱等，分布于陆地和海洋相互接触、互相作用的海岸带；海积地貌有沙坝、海滩（根据沉积物颗粒大小分为砾滩、沙滩和泥滩）。
3.冰川地貌：冰蚀地貌形成冰斗、角峰、“U”形谷、冰蚀平原、冰蚀洼地等，分布于有冰川分布的高山和高纬度地区；冰积地貌杂乱堆积形成冰碛地貌。"
172,,"喀斯特地貌：
形态及成因：分为地表喀斯特地貌（如峰林、孤峰、溶蚀洼地、落水洞等，由流水溶蚀作用形成）和地下喀斯特地貌（如溶洞、地下河等，由沉积作用形成）。
地理环境特点：地貌崎岖不平，气候温暖湿润或高温多雨，地表水缺乏、地下水丰富，土层薄、土壤贫瘠。
形成条件：有可溶性岩石（如石灰岩），岩石具孔隙和裂隙，高温多雨气候利于溶蚀，生物活动也有一定影响。"
173,586,"典型外力地貌的判断方法：
风向判定：利用沙丘坡度陡缓（风由缓坡吹向陡坡）或沉积物颗粒大小（风由颗粒大向颗粒小方向吹）判断。
河流流向判定：利用三角洲、洪（冲）积扇形状，或河谷宽窄判定。
河流凹凸岸判定：河流流经弯道时，表层水流趋向凹岸侵蚀，凹岸水面略高于凸岸，底部水流由凹岸流向凸岸，形成弯道环流，凹岸侵蚀、凸岸堆积，使河流弯曲。"
174,588，589，590，648，658,"典型特殊流水地貌举例：
1.牛轭湖：河流受地转偏向力作用左右摆动，凹岸侵蚀、凸岸堆积，河道越来越弯曲，洪水期时两个凹岸连接形成新河道，原河道被废弃形成牛轭湖。
2.曲峡：地质时期地势平缓时河流侧蚀作用形成曲流，地壳抬升后河流下切作用增强，保留曲流形态演变成曲峡。
3.河流阶地
概念：河流下切侵蚀，使原先河谷底部超出一般洪水位以上，呈阶梯状分布在河谷谷坡上。
形成条件：有较宽阔谷底，河流下切侵蚀（由构造运动、气候变化和侵蚀基准面下降等原因造成）。地壳相对稳定时河流以侧蚀和堆积为主形成河漫滩，地壳上升时河流下切，原河漫滩成河谷两侧阶地，地壳多次间歇性上升形成多级阶地。"
175,591，592，593，629,"海岸线的变迁：
概念：因海平面升降和地壳运动造成海岸线后退或前进，表现为海水侵入（海侵）或后退（海退）。
影响因素：全球性大尺度因素是海平面上升，小尺度地方性影响因素有河口泥沙沉积、地壳运动、人类活动导致的陆面升降。"
176,594，595，596，629,"湖岸线的变迁：
构造运动影响：湖区周围地壳上升，湖面降低，岸线下移；地壳下降，湖面升高，岸线上移。
气候变化影响：气候变湿，入湖水量大于湖水蒸发量，湖面扩大，岸线上移；气候变干则相反。
物质来源变化影响：泥沙或有机物来源多少变化影响湖岸线。
人类活动影响：从湖泊或入湖河流引水、中上游植被破坏、围湖造田等会使湖岸线发生变化。"
177,597，598，599,"地形对聚落的影响：
1.山区聚落选址条件：选择海拔较低、地势较平坦的河谷或盆地，向阳的缓坡地带，避开陡崖等地质灾害多发区。
2.河流地貌对聚落分布影响
河流对聚落形成作用：提供水源、方便对外联系和运输、冲积平原提供农副产品。
聚落规模与河流关系：华北平原耕地连片聚落规模大，江南水乡河网密布聚落规模小。
河流地貌对聚落分布影响：上游河谷窄，聚落呈条带状分布于相对低平的河谷；中游河道渐开阔，聚落多沿河或沿海呈条带状分布；下游河谷更开阔，聚落分布受地形、航运影响。"
178,600，601，602,"山地对交通运输的影响：
运输方式选择：首选公路运输，其次是铁路运输（山区修建成本高、难度大，公路成本低、技术难度较小）。
线路选址及走向：选在地势相对和缓的山间盆地和河谷地带，线路呈“之”字或“8”字形（尽量与等高线平行），避开陡坡、断层和滑坡、泥石流等地质灾害多发地段（节约成本、降低难度、保障安全、提高运营效益）。
线网密度：山间盆地、河谷等地人口稠密、经济发达，线网密度大（联系居民点多，方便出行，吸引客货流量，提高营运量和经济效益）。"
179,558，603，604，605,"常见的地质灾害及防御措施：
1.地震：岩石圈在内力作用下破裂，内能以地震波形式释放，引起地面震动，造成建筑物破坏、人员伤亡和经济损失，分布于板块交界处，防御措施包括加强研究、建立监测预警系统、健全法规体系、实施防御措施、开展宣传教育等。
2.火山喷发：岩浆沿地壳薄弱地带喷出地表，火山灰和熔岩破坏田园、建筑，威胁生命和财产安全，可能诱发地震或气候异常，分布于板块交界处。
3.滑坡：斜坡上的岩体或土体在重力作用下沿滑动面整体下滑，破坏或掩埋农田、建筑，多发生于坡陡谷深、岩石破碎、植被稀少、暴雨或冰雪融水汇集的山区，与地震带分布有关，人为因素如植被破坏、不合理工程建设也会诱发。
4.泥石流：山区暴发的饱含泥沙和石块的特殊洪流，堵塞江河，摧毁城镇和村庄，破坏森林、农田及道路，形成条件与滑坡类似。"
180,606，607,"植被：
概念与分类：自然界成群生长的植物整体，包括天然植被（如森林、草原、荒漠等）和人工植被（如经济林、人工草场等）。
植被与环境关系：植被能改造环境，环境影响植被分布（气温高、降水多地区植被更丰富），植被对环境有指示作用。"
181,492，497，644，562,"植被类型及特征：
1.森林植被：热带雨林气候区的雨林，植被丰富、垂直结构复杂，有茎花、板根现象；热带季风气候区的季雨林；亚热带季风和湿润气候区的常绿阔叶林，乔木革质叶片，花期春末夏初，垂直结构较简单；地中海气候区的常绿硬叶林，叶片坚硬有锯齿或呈尖刺状，结构简单；温带季风和温带海洋性气候区的落叶阔叶林，乔木叶片宽阔，春秋季明显；温带大陆性气候区的亚寒带针叶林，以松、杉为主，树叶针状抗寒抗旱。
2.草原和荒漠植被：热带草原气候区的热带草原，湿季葱绿、干季枯黄，有乔木或灌木；温带大陆性气候区的温带草原，夏绿冬枯，植被低，有矮小灌木；热带沙漠气候和温带大陆性气候区的荒漠植被，以旱生灌木为主，耐干旱。"
182,563，608，609，610,"土壤：
土壤组成：包括矿物质（物质基础和养分来源）、有机质（肥力基础和发育标志）、空气、水分，各成分相互联系形成肥力特性。
野外观察：观察颜色（如黑土、黄土、紫色土、红壤）、质地（砂土、壤土、黏土）和剖面构造（由下而上为母岩层、母质层、淀积层、淋溶层、腐殖质层、有机层）。
主要形成因素：成土母质决定矿物质成分和养分，生物是最活跃因素（提供有机质、加速风化和土壤形成、改善母质性状），气候影响岩石风化强度速度及土壤化学风化和淋溶作用，地貌影响水热条件和成土母质颗粒大小，时间影响土壤层厚度和分化，人类活动可将自然土壤培育为耕作土壤。
土壤功能：联系四大圈层，为植物生长提供条件，蓄水保水，是珍贵自然资源。
土壤养护与改良：养护措施如休耕、种植绿肥、作物轮作、施农家肥；改良方法因土壤问题而异，如贫瘠土壤增施有机肥，过黏或过砂土壤掺沙或泥，酸性土壤施熟石灰，盐碱土壤采用引淡淋盐等方法，风沙土壤植树种草等。"
183,490，611，612，613,"自然环境的整体性：
概念：自然环境各组成要素及部分之间内在联系的规律性，各要素相互联系、制约、渗透形成有机整体。
自然环境的整体功能
1.生产功能：自然环境要素通过物质迁移和能量交换合成有机物，如植物光合作用利用营养盐、叶绿素、热量和二氧化碳生产出有机物。
2.稳定功能：通过物质迁移和能量交换使自然环境自我调节、保持性质稳定，如大气和海水中二氧化碳交换保持其含量相对稳定，植物与大气间物质交换维持碳平衡。
自然环境整体性的表现
1.各要素与环境总体特征协调一致：自然环境具有统一演化过程，如黄土高原水土流失导致土壤肥力下降、地貌变化、植被覆盖率降低、气候干旱等一系列问题，各要素相互影响保证整体协调。
2.要素变化“牵一发而动全身”：某一要素变化会引起其他要素改变，如滥伐森林会导致水土流失、物种灭绝、生态环境失调、气候恶化、水旱灾害增多等。
3.区域变化影响其他地区：如青藏高原隆起影响亚洲季风、黄河下游地上河形成及河口向海延伸等，体现区域间相互联系，需全球共同保护地球环境。"
184,490，503，614，615，616，626,"地域差异的影响因素：
全球性因素：太阳辐射导致热量差异，形成温度带，影响自然环境要素的物质迁移和能量交换，产生地域差异。
区域性因素：海陆分布、地形地势等影响水热条件，造成陆地自然带分布差异，如山地阴坡和阳坡、山体不同海拔的差异。"
185,545，617，618，619，626，627,"陆地自然带：
概念：因所处纬度和海陆位置不同，各地区有特定热量和水分组合、植被和土壤类型，呈长带状分布。
分布规律（以北半球为例）：
1.水平地域分异规律
由赤道到两极的地域分异规律：主导因素为热量，太阳辐射从赤道向两极递减，自然带沿纬线延伸、随纬度更替，在低纬度和高纬度地区表现明显，如非洲大陆自然带从赤道向南北的变化。
从沿海向内陆的地域分异规律：主导因素为水分，降水从沿海向内陆递减，自然带沿经线延伸、经度更替，在中纬度地区显著，如亚欧大陆从沿海向内陆自然带的变化。
2.垂直地域分异规律：高大山脉水热随海拔变化，形成垂直气候带和自然景观变化，山地垂直自然带基本沿水平方向延伸、垂直方向更替，基带与当地水平自然带一致，山体纬度越低、海拔越高、相对高度越大，垂直带谱越复杂，同一自然带阳坡上限高于阴坡，随纬度增加其分布海拔降低。
3.影响雪线和山地林线分布高度的因素
雪线高度影响因素：气温（阳坡高于阴坡，夏季升高、冬季降低）、降水量（越多雪线越低）、地形坡度（越大雪线越高）、自然环境变迁和人类活动（如全球变暖、污染雪面等导致雪线上升）。
山地林线分布高度影响因素：热量（纬度越低、向阳坡林线越高）、水分（受信风带或副热带高压带控制地区林线低，迎风坡高于背风坡，沿海高于内陆）。"
186,620，621，622,"典型非地带性地域分异现象：
如南美洲西岸受离岸风、秘鲁寒流影响，热带荒漠带延伸；南美洲南端巴塔哥尼亚高原因安第斯山脉阻挡西风，形成温带荒漠带；赤道附近东非高原因海拔高形成热带草原带；马达加斯加岛东部因信风、地形和暖流影响形成热带雨林带；南半球中高纬地区因陆地缺失无苔原带和亚寒带针叶林带；天山、昆仑山山麓因高山冰雪融水形成绿洲。"
187,623，624，625,"地方性分异规律：
成因：受地形、岩石风化物等地方性因素影响，形成尺度较小的地域分异。
案例：温带湿润山区随地形从高到低形成地方性的针叶林（或灌丛）带、落叶阔叶林带和草甸带分布规律。"
188,129，133，645,"中国位置、疆域：
1.地理位置
纬度位置：大部分位于中纬度地区，属于温带，小部分位于热带。
海陆位置：位于亚欧大陆东部，东临太平洋。
2.疆域
领土四至点：最北端在漠河以北的黑龙江主航道中心线（53°N附近）；最南端在南海南沙群岛曾母暗沙（4°N附近）；最东端在黑龙江与乌苏里江主航道中心线交汇处（135°E附近）；最西端在新疆帕米尔高原（73°E附近），领土面积960多万平方千米。
濒临海洋：从北到南依次是渤海、黄海、东海、南海。"
189,129，133，505，506，526，641,"中国地形特征：
地势特征：西高东低，呈阶梯状分布。
地形特征：复杂多样，山区面积广大。
阶梯分布
第一级阶梯：包括青藏高原等，平均海拔4000米以上，以高原为主。
第二级阶梯：主要地形区有内蒙古高原、黄土高原、云贵高原、塔里木盆地、准噶尔盆地、四川盆地等，平均海拔1000-2000米，以高原、盆地为主。
第三级阶梯：包括东北平原、华北平原、长江中下游平原、东南丘陵、山东丘陵、辽东丘陵等，平均海拔500米以下，以平原、丘陵为主。
阶梯分界线：第一级阶梯与第二级阶梯的分界线为昆仑山脉-祁连山脉-横断山脉；第二级阶梯与第三级阶梯的分界线为大兴安岭-太行山-巫山-雪峰山。"
190,129，133，505，506,"地势西高东低对中国社会经济的影响：
第一级阶梯（青藏高原）：地势高，气候寒冷，自然条件独特，经济活动具有特色（如河谷农业）。
第二级阶梯：地势起伏较大，多高原、盆地和山脉，交通条件不如东部，但有利于农业多种经营，是重要的农牧业区。
第三级阶梯：地势低平，人口稠密，农业条件较好，交通便利，为经济发展提供了有利条件，中国特大城市多分布在此。"
191,140，141，500，505，506，563,"中国气温分布特征及原因：
冬季
特征：南暖北寒，南北温差大。
原因：①中国跨纬度广，冬季太阳直射南半球，北方的正午太阳高度小于南方、昼长短于南方，使得北方获得的热量远小于南方；②北方邻近冬季风源地，受冬季风影响大，加剧了寒冷程度，扩大了南北温差；南方离冬季风源地远于北方，加上地形阻隔，受冷空气的影响弱于北方。
夏季
特征：全国普遍高温，南北温差小。
原因：①夏季太阳直射北半球，北方的正午太阳高度虽然小于南方，但昼长却长于南方，得到的光热并不比南方少多少；②受夏季风影响程度不同，北方晴天多，气温回升快，南方雨季长，阴雨天多，日照时间短"
192,142，143,"中国降水空间分布特征和时间变化特征：
空间分布特征
特征：从东南沿海向西北内陆递减。
原因：东南部受东南季风影响大，降水多；西北内陆受夏季风影响弱，降水稀少。
影响：东南湿润，越向西北内陆越干燥，干湿度地带性明显
时间变化特征
季节变化：季节分配不均，降水集中在5-9月，因为夏季受来自海洋的湿润气流影响，降水丰沛；冬季受来自内陆的干燥空气影响，降水少。
年际变化：降水年际变化大，因为夏季风的强弱与进退规律反常，
影响：旱涝灾害频发，夏季风强或来得早，北涝南旱；夏季风弱或来得晚，南涝北旱"
193,144，145,"中国锋面雨带的推移规律：
锋面雨带南北移动规律
一般来说，5月夏季风势力增强，锋面雨带位于南方沿海及珠江流域一带；6月移动至长江中下游地区；7-8月位于华北、东北地区；9月份受北方强大冷空气影响，迅速退回到长江以南；10月份退出中国大陆地区。
锋面雨带移动成因
夏半年西太平洋副高的高压脊向西延伸，高压脊北、西侧就是影响中国的夏季风。夏季风将太平洋水汽输送到陆地，与陆地上的冷空气相遇形成锋面雨带。锋面雨带的位置一般在高压脊线以北5-8个纬度。由于副高及其高压脊南北移动，影响中国的锋面雨带也有规律地推移。"
194,154，155,"湖泊分类与对比分析：
咸水湖（内流湖）
特征：位于内流区，无河流与海洋相通
成因：湖水的排泄形式是蒸发，湖水盐分富集，盐度上升。
面临问题（湖泊萎缩）：气候干旱，降水量少，蒸发量大；全球变暖；工农业用水量增多，导致入湖水量减少。
淡水湖（外流湖）
特征：位于外流区，有河流与海洋相通
成因：湖水有进有出，水中盐分保持动态平衡，盐度低且稳定。
面临问题（湖泊萎缩）：气候异常，降水量减少；工农业、城市、人口用水量增加；围湖造田；湖泊泥沙增多，淤积严重。"
195,146，147,"中国不同地区河流水文特征的差异：
东北地区：有春汛和夏汛两个汛期，水量丰富，含沙量小，冬季有结冰期，汛期短。
秦岭-淮河以北地区（除东北地区）：流量较小，汛期较短，含沙量大，结冰期短。
秦岭-淮河以南地区：水量丰富，汛期长，含沙量小，无结冰期。
内、外流区的分界线大致是大兴安岭—阴山—贺兰山—祁连山(东端)，南部接近200毫米年等降水量线。
中国湖泊众多，天然湖泊就有2000多个，根据湖泊所在流域特点，可将湖泊分为内流湖和外流湖，内流湖在内流区，基本上是咸水湖，外流湖在外流区，属于淡水湖。"
196,38，39，40,"中国的气候特征及其对农业生产的影响：
季风气候显著：①夏季全国普遍高温，使喜温作物——水稻、玉米等种植地区大大向北扩展；②雨热同期，有利于树木、牧草、农作物生长（有利于中国的农业生产）
雨热同期：①降水主要集中在夏季，春旱、夏涝现象严重；②降水的年际变化大，水旱灾害频繁；③寒潮带来严寒、大风、霜冻等恶劣天气，台风造成水灾、风灾（不利于中国的农业生产）
气候类型复杂多样：①农作物及各种动植物资源极其丰富；②利于发展农业的多种经营；③农业发展回旋余地大④存在大面积的高原、干旱气候区，制约农业经济的均衡发展（前三点有利于中国的农业生产，最后一点不利于）"
197,38，39，40,"中国不同区域农业发展区位条件的差异：
东北商品农业基地（三江平原、松嫩平原、辽河平原）
有利条件：地势平坦，土壤肥沃，水源充足，雨热同期，夏季日照时间长，重工业基地可提供农业机械。
不利条件：纬度高，气温低，热量不足。
华北旱作农业区（华北平原）
有利条件：夏季高温多雨，光热充足，地势平坦，土壤肥沃。
不利条件：春旱夏涝，低湿地、盐碱地比重较大，风沙天数多。
南方水田农业区（成都平原、江汉平原、洞庭湖平原、鄱阳湖平原、太湖平原、江淮地区）
有利条件：光、热、水资源丰富且配合较好，劳动力充足，距商品粮基地和工业基地、海港较近，市场广阔。
不利条件：夏季有伏旱和洪涝灾害。
西北灌溉农业区（新疆绿洲地带、河西走廊、河套平原、宁夏平原）
有利条件：光照充足，昼夜温差大，地势平坦，土壤肥沃，有灌溉水源，地广人稀，地价低。
不利条件：水源紧缺。
青藏高原河谷农业区（雅鲁藏布江谷地、湟水谷地）
有利条件：与高原相比，海拔较低，气温较高，地势平坦，水源充足。
不利条件：与中国东部相比，热量不足。"
198,38，39，40,"中国农产品种类丰富的原因：
自然原因：地域辽阔，南北跨度大、东西距离远，山地丘陵众多，垂直差异明显，水热组合多样。
社会经济原因：历史悠久，对外交流广泛，引进众多农产品，农业科技先进，不断培育新品种。"
199,41，42，43,"中国北方地区和南方地区自然条件的差异：
1.地形
北方地区：跨中国地势第二、三级阶梯，平原面积广阔，主要地形区有东北平原、华北平原和黄土高原。
南方地区：跨中国地势第二、三级阶梯，以山地、丘陵为主，平原面积小且分散，主要地形区有长江中下游平原、东南丘陵、四川盆地、云贵高原。
2.气候
北方地区：以温带季风气候为主，冬季寒冷干燥，夏季炎热多雨，主要气象灾害有春季干旱、多风沙，夏季洪涝，冬季寒潮灾害。
南方地区：以亚热带、热带季风气候为主，冬季温暖少雨，夏季高温多雨，主要气象灾害有夏季洪涝，夏秋季节多台风，冬季寒潮、冻害。
3.河流
北方地区：水量小、季节变化大、汛期短、含沙量大，有结冰期，东北地区有春汛和夏汛。
南方地区：水量大、汛期长、含沙量小、无结冰期、水能丰富、中下游航运价值大。
4.自然资源
北方地区：林业主要分布在大、小兴安岭和长白山地天然林区，水资源不足，煤、石油、天然气能源充足，铁矿丰富。
南方地区：林业主要分布在西南、东南山区，茶、油桐、毛竹、杉树、樟树繁多，水资源丰富，水能丰富，有色金属矿丰富。"
200,41，42，43,"中国北方地区和南方地区人文条件的差异：
1.农业
北方地区：旱地农业，东北一年一熟，华北两年三熟或一年两熟，是小麦、玉米、高粱、大豆、甜菜、棉花、花生、谷子及温带水果的重要产地。
南方地区：水田农业，一年两熟到三熟，渔业发达，是水稻、油菜、甘蔗、茶叶、天然橡胶、亚热带和热带水果的重要产区。
2.工业
北方地区：辽中南重工业基地与京津唐综合性工业基地形成了环渤海工业带，还有山西能源基地。
南方地区：有长江中下游工业带、南部沿海外向型工业带、西南地区轻纺工业和有色金属工业发达，“珠三角”工业基地。
3.居民生活
北方地区：主食为面食，房屋墙体较厚，冬季有溜冰运动。
南方地区：主食为大米，房屋屋顶坡度较大，夏季有赛龙舟、游泳等常见娱乐活动。"
201,44，148,"西北地区和青藏地区的自然环境对农业生产的影响：
1.有利影响：
青藏地区：大气洁净，晴天多，日照时间长，有利于植物进行光合作用，制造营养物质多；夜晚大气逆辐射作用弱，消耗营养物质少，麦类和牧草属于“低消耗、高积累、高产优质”类型。
西北地区：夏季气温高，云量少光照强，昼夜温差大；牧场广大，宜农荒地多；新疆、河西走廊有冰川融水灌溉，宁夏平原、河套平原有黄河水灌溉
2.不利影响
西北地区：冬长夏短，受寒潮影响大，春季沙尘暴频发；降水少，蒸发强，灌溉水源不足；地表植被稀少，沙漠化严重，河套平原、宁夏平原土地盐碱化严重
青藏地区：气温较低，无霜期短，一年只能一熟，仅适于喜温凉、生长期短的青稞、豌豆等作物生长；畜牧业只适于放牧耐寒的牲畜，如牦牛、藏绵羊、藏山羊等。"
202,149，150,"地形对大尺度气候的影响：
1.因为海拔高，形成独特的高山高原气候：如青藏高原、埃塞俄比亚高原等海拔高的地区，形成高山高原气候。
2.形成非地带性气候区
因为海拔较高，气温较低，气流对流运动减弱，东非高原形成热带草原气候。
因为来自海洋的东南信风受地形抬升形成地形雨，加上沿岸暖流增温增湿作用，马达加斯加岛东侧形成热带雨林气候。
3.产生雨影效应
西风气流受到西部高大的安第斯山脉阻挡，南美洲巴塔哥尼亚高原气候干旱。
4.影响气候类型的分布及走向
受科迪勒拉山系影响，美洲西部的气候多呈现狭长带状分布。
受青藏高原地势高阻挡冬季风影响，南亚的热带季风气候纬度偏高。"
203,151，152,"地形对局地小气候的影响：
1.影响局地气温
海拔影响气温：一般而言，海拔越高，气温越低。
山体阴坡和阳坡影响气温：一般而言，同一海拔，山体阳坡的气温高于阴坡。
山体迎风坡和背风坡影响气温：一般而言，同一海拔，迎风坡气温低于背风坡。
山脉垭口影响气温：当暖空气通过垭口时，垭口后方气温较高；当冷空气通过垭口时，垭口后方气温较低。
河谷地形影响气温：一般而言，河谷地形水汽较多且不利于散热，气温高于同纬度其他地区气温。
影响气温日较差和年较差：一般而言，山地比附近平原气温日较差小，山顶比山谷气温日较差大，同一纬度的高原高山地区，气温年较差较平原地区小。
影响热力环流（山谷风的形成）：白天，风从山谷吹向山坡，形成“谷风”；夜晚，风从山坡吹向山谷，形成“山风”。
2.影响局部降水：就同一山体而言，从山麓到山顶，降水一般先增加后减少，降水最多的地方在山腰。山体的迎风坡降水大于背风坡，海拔高的山体降水量较多。
3.影响风速：山脉与风向大致垂直，可降低风速；山脉与风向平行，对风速削弱作用较弱；山脉隘口可增加风速。
4.影响光照：海拔高，空气稀薄，大气对太阳辐射的削弱作用弱，光照强，如中国的拉萨被称为“日光城”。"
204,69，153,"秦岭—淮河一线的地理意义：
是中国南北方分界线。
是1月0℃等温线通过的地方。
是800毫米等降水量线通过的地方。
是亚热带和暖温带的分界线。
是湿润区与半湿润区的分界线。
是北方旱作区与南方水田的分界线。
是河流结冰期的分界线。
是温带落叶阔叶林与亚热带常绿阔叶林的分界线。"
205,159，160,"中国工业总体特征和空间分布：
1.总体特征：工业基础雄厚，工业类型齐全，工业结构较合理，东部地区工业转型升级速度快，中西部地区重工业比重相对较大。
2.空间分布
铁路沿线：京广线、京沪线、京哈线等铁路沿线。
河流流域：黄河流域：能源开发的重要工业带；长江沿线：形成了以上海、南京、武汉、重庆等城市为中心的沿江发展地带；沿海地区：集中了四大工业区（长江三角洲、辽中南、京津唐、珠江三角洲）、经济特区和沿海开放城市。"
206,159，160，438,"中国四大工业基地：
辽中南工业基地
特点：重工业基地。
发展条件：丰富的煤、铁、石油等资源，便利的海陆交通运输，雄厚的工业基础。
存在问题：淡水资源不足，环境污染严重，高科技产业发展不足，工业产品类型技术落后。
京津唐工业基地
特点：轻、重工业都发达的综合性工业基地。
发展条件：矿产资源丰富，科技力量雄厚，交通便利。
存在问题：淡水资源供应不足，环境污染严重。
长江三角洲工业基地
特点：规模最大、结构最完整、技术水平和效益最高的综合性工业基地。
发展条件：工业基础好，技术力量雄厚，消费市场广阔，水陆交通便利。
存在问题：能源和矿产资源缺乏。
珠江三角洲工业基地
特点：以轻工业为主的综合性工业基地。
发展条件：毗邻港澳，邻近东南亚，多侨乡，可利用外资发展工业，交通便利。
存在问题：能源和矿产资源不足，重工业和机械制造业不发达。"
207,161，162，492，493,"中国交通运输概况：
成就显著：运输方式多样，铁路和公路运输是最主要的运输方式，沿海港口海运发达，长江是主要的水运通道，航空运输发展迅速。
分布不均：受社会经济、自然、科学技术等因素影响，中国东部地区交通线路密度较大，高等级交通线路里程较长。"
208,44，148，563,"中国西北地区地理概况：
自然环境
地形：以高原、盆地为主。
气候：属干旱和半干旱温带大陆性气候，年、日温差大，降水少，
河流：河流稀少，多内流河和内流湖泊
植被：自然植被自东向西为草原-荒漠草原-荒漠。
资源：煤、石油、稀土储量大。
产业：是重要畜牧基地，绿洲农业、灌溉农业为主，有小麦、长绒棉、瓜果等特色农产品和毛皮、肉奶等畜产品。
工业：钢铁、石油、有色金属、棉毛纺织工业比较发达。
人口与城市：农田、村庄、城市的分布多呈带状或点状"
209,44，150,"中国青藏地区地理概况：
自然环境
地形地貌：雪山连绵，大河源头，是世界屋脊，有高原湖区（世界之最），高原边缘山高谷深，分布着高山草原、荒漠。
气候：高寒气候
资源：太阳能、地热能、水能、风能。
居民特点：人口稀少，居民以藏族为主。
农业：高寒牧业和河谷农业。
交通：以公路为主，青藏铁路的全线通车改善了交通状况。
"
210,36，37,"长江经济带自然环境差异：
1.地形类型
上游地区：山高谷深，以高原、高大山地、盆地为主，如青藏高原东部、川西高原地区。
中游地区：以山地、平原为主，有神农架、巫山和部分云贵高原等地形区。
下游地区：以平原和低山丘陵为主，地势较为平坦。
2.气候特征
上游地区：具有多样性，包含多种气候类型。
中游地区：降水年际变化大。
下游地区：受海洋影响大，气候相对温和湿润。
3.河流特征
上游地区：金沙江段滩多弯急，两岸支流少而短；宜宾到宜昌河段支流众多，水流缓急交替。
中游地区：河流蜿蜒曲折。
下游地区：江阔水深，水流缓慢，河网密布。
4.湖泊分布
上游地区：以高原湖泊群为主，既有淡水湖，也有咸水湖。
中游地区：以平原湖泊群为主，多为淡水湖。
下游地区：以平原湖泊群为主，多为淡水湖。"
211,36，37,"长江经济带经济发展条件的差异：
1.自然资源
上游地区：资源类型多样，能源和矿产资源空间组合好，如金沙江流域的水能资源丰富，还有多种金属矿产等。
中游地区：矿产资源品种齐全、类型多样，如江西的有色金属矿产等。
下游地区：海洋生物、能源等资源丰富；非金属矿产资源丰富，金属矿产资源较少。
2.区位条件
上游地区：处于内陆，有边境贸易优势，如云南与东南亚国家接壤，可发展边境贸易。
中游地区：位居中国腹心地带，是中国东西部、南北方经济交流的中心枢纽，交通便利，便于物资运输和经济交流。
下游地区：临江濒海，是国内和国际联系的交通枢纽，是国家建设的重点区域，如上海是重要的国际航运中心和金融中心，经济外向度高。"
212,48，65,"乡村的土地利用：
(1)乡村以农业用地和居住为主，农业用地一般分布在村落的周围。
(2)村落内部土地利用：以公共服务设施为中心，住宅往往由此向外环绕分布。
(3)乡村土地利用具有生产、生活、生态、文化等4种主要功能，满足乡村j居民在经济、社会、环境、文化等方面的需求，其中生产功能分为农业、商业、工业生产功能，生活功能分为居住、就业和公共服务功能。"
213,"65，66，67，114,168,174,195，560，632","城市的区位因素：
1.自然因素
城市的区位自然因素包括河流、地形和气候。
（1）在河流方面，中国南方多沿河设城，像位于河口处的上海、广州，位于河流干支流交汇处的武汉、重庆，位于水运起点或终点的赣州，以及公路、铁路过河点位置；欧洲有位于河口处的鹿特丹（荷兰），位于河流干支流交汇处的布达佩斯（匈牙利），位于水运起点的圣彼得堡（俄罗斯）。
（2）地形上，平原地区地势平坦、土壤肥沃，便于农耕和交通联系，中国大城镇多分布在第三级阶梯上，像美国中部大平原地区的芝加哥也是因其地处平原且交通便利而发展起来；
（3）山区的河谷和开阔低地自然条件优越，城镇分布较多。
（4）气候上，世界大城镇多位于中低纬度的沿海地区，这些地区有适宜的降水和温度，例如澳大利亚的悉尼和美国的洛杉矶都处于中低纬度地区且气候条件适宜，促进了城市发展。
2.社会经济因素
社会经济涵盖矿产、交通、政治、宗教、高等院校和科研机构、旅游等方面。
（1）矿产资源丰富是一些城市发展的主导因素，如英国伯明翰、美国匹兹堡、中国攀枝花等。
（2）交通便捷的城市，在中国，沿铁路干线、高速公路、公路等分布的郑州、石家庄等，具有交通优势；在美国，芝加哥是美国重要的铁路枢纽，有多条铁路干线在此交汇，这些铁路干线连接着美国东西海岸和南北方向的各大城市；法兰克福是德国重要的交通枢纽，其高速公路网络十分发达。
（3）以政治职能为主的城市有华盛顿、巴西利亚、堪培拉等，它们作为政治中心有资源和人口汇聚优势。宗教中心如耶路撒冷、麦加等有宗教相关优势。
（4）高等院校和科研机构集中、科技发达的城市有美国硅谷、日本筑波科学城等，能吸引高科技产业和人才。
（5）旅游资源丰富的城市有中国庐山市、中国南京市、法国巴黎、日本大板等，旅游业能带动其经济发展。"
214,647,"水利工程修建的影响：
有利影响
①经济效益：产生防洪、发电、航运、灌溉和旅游等综合经济效益；
②生态效益：调节库区气候，缓解生态环境压力；拦截泥沙，降低河流含沙量；改善水质
不利影响
①上游地区：回水淹没耕地；抬高上游水位，加剧洪涝
②库区：蓄水会淹没原有生产、生活设施以及文物古迹等；淹没聚落，需移民；泥沙在库区沉积；诱发地震、滑坡等地质灾害；水体富营养化，水质下降；库区水域内害虫滋生，可能导致传染性疾病蔓延
③下游及河口三角洲地区：河流挟带至下游的泥沙大大减少，土壤自然肥力下降；入海径流量减少，海浪对海岸的侵蚀加重，河口三角洲不断缩小；由于海水倒灌、生态破坏和入海营养物质减少，河口的渔业资源减少；径流量减小，对污染物的稀释作用减弱，水污染加剧；河道水位降低，原有水利设施作用减弱；阻断鱼类洄游通道；总径流量变小，湿地面积萎缩"
215,45，46，47,"经济全球化的含义和主要表现：
含义：跨国界的经济活动驱使各国经济相互依赖程度不断加深的过程。
主要表现：
1.商品、服务、生产要素和信息跨国流动的规模与形式的不断扩大与增加，通过国际分工和跨国投资，世界范围内的资源配置效率不断提高。
2.在生产领域，生产组装可以在全球范围内寻找最优区位，零部件可以全球采购，由此形成全球生产网络。"
216,49，132，163，196，495,"城镇内部空间结构：
一、城镇功能区的形成原理
城镇功能区的形成是因为相同土地利用方式对用地空间和位置需求相同，促使同类活动在城市空间聚集。比如有相似商业用途需求的店铺会集中在一处形成商业区。
二、城镇功能区的特点
城镇功能区没有明确的界线，各功能区是逐渐过渡的。而且每个功能区虽以一种土地利用方式为主，但也可能存在其他用地类型，例如工业区内可能有少量居住和商业用地。
三、城镇的三类基本功能区及其特性
商业区占地面积小，呈点状或条带状分布，主要位于市中心、交通干线两侧和街角路口等交通便利、人流量大的地方。这里经济活动繁忙，昼夜人口数量差异大，建筑物高大密集且内部有明显功能分区。
工业区占地面积大，是城市基础功能区之一，会随工业化出现功能分化。它有向市区外缘移动且沿主要交通干线分布的趋势，倾向于分布在城市外缘，与高坡和文化区有联系。
住宅区在建筑质量上有高级和低级之分。其分布广泛，包括城市外缘、内城和工业区附近，低级住宅区常与低地和工业区相连，高级住宅区则相反。
四、城镇空间结构的概念与模式
城镇空间结构是指城市中不同功能区的分布和组合方式，也叫城市地域结构，反映城市土地利用和功能布局特征。常见的城镇空间结构模式有同心圆模式、扇形模式和多核心模式，这些模式描述了城市功能区的分布规律和发展趋势。"
217,"104，105,132，163，208，209","影响城镇内部空间结构的因素：
影响城镇功能分区的主要因素有经济、政策、文化、环境等，其中最重要的因素为经济因素。
1.区域与租金的关系：
商业功能区的土地租金最高，并且随着距城镇中心距离的增加，土地租金下降得最为迅速。这表明商业活动倾向于集中在城镇中心，因为城镇中心人流量大、交通便利，能够带来更高的经济效益。
住宅功能区的土地租金低于商业功能区，并且随着距城镇中心距离的增加，土地租金下降的幅度较为平缓。这说明住宅在城镇中的分布相对较为分散，既可以靠近城镇中心，也可以在距离城镇中心较远的地方，但距离城镇中心越远，土地租金越低。
工业功能区的土地租金最低，且随着距城镇中心距离的增加，土地租金下降得较为缓慢。这反映了工业活动对土地租金的敏感度较低，同时由于工业生产往往需要较大的空间，并且可能会产生噪音、污染等问题，所以通常会分布在城镇的边缘地带。
2.第一段：经济因素对城镇功能区的影响
距离城镇中心远近对城镇功能区有影响。商业方面，直线倾斜度最大，距城镇中心远近对商业影响最大。住宅方面，直线较平缓，住宅付租能力随距城镇中心距离变大而减小。工业方面，直线倾斜度最小，距城镇中心远近对工业影响最小。此外，交通通达度对城镇功能区有影响，交通通达度越好，土地价格或地租越高。城镇不同区位土地的交通通达度不同，地租高低也就相应地存在着差异，因而形成不同的功能区。
3.其他因素对城镇功能区的影响
除经济因素外，还有其他因素影响城镇功能区。历史背景很大程度上决定功能分区的现状，如北京的行政区、上海的中心商务区。城市土地利用随历史而变化，如城市中心附近住宅区的衰落、城内污染工厂外迁。收入导致住宅分化，产生高、低级住宅区。社会集团因社会地位、生活方式、宗教信仰的不同而形成不同的居住区和活动区。知名度对住宅区的选择有很大影响，还影响到商业区和工业区的发展变化。种族影响住宅区的分异，如唐人街。行政因素方面，政府采取行政手段制定政策和城市规划，干预城市社会经济的自由发展，通过合理引导，明确划定不同职能区，如由政府规划建设的住宅区。


"
218,108，109，110,"合理利用城乡空间的意义：
1.意义
合理规划城乡空间有利于建立可持续的人地关系、为生活提供便利、文化传承等，对于优化城镇和乡村内部的空间结构、推动城乡一体化发展具有现实指导意义。
2.措施及作用
通过发展卫星城、合理规划工业区、保留一定规模的绿地和河湖等生态涵养空间，可以有效改善环境状况，建设宜居的生活空间。
通过合理安排居住区、基础设施、公共服务设施等，可以提高土地资源利用效率，为生产和生活提供便利。
通过规划，确定具有历史文化价值的场所、建筑物、街区或村落等，保护地方和民族传统特色，使人类历史和文化遗产得以永续相传。"
219,"112，114,166","城镇化概况：
概念：人口和产业活动在空间上向城镇集聚和城市范围不断扩大，乡村变为城镇的过程。
主要标志：城镇人口增加；城镇人口占区域总人口的比例上升；城镇建设用地规模扩大。衡量城镇化水平的最重要指标是城镇人口占总人口的比例。
城镇化的驱动力
推力（乡村）：使人群离开乡村的因素，如人口增长快，对土地压力大；收入低，社会服务短缺；受自然灾害影响大等。
拉力（城镇）：吸引人群来到城镇的因素，如就业机会多；社会福利保障程度高；文化设施齐全；交通便捷等。"
220,117，118，167,"世界城镇化的进程：
初期城镇化水平较低，低于30%，城镇人口增长缓慢，区域产业中，第一产业比重较大。
中期城镇化水平迅速提高，人口向城市迅速聚集，城市人口比重超过30%，出现郊区城镇化现象，即人口和产业向城市集中，市区出现了劳动力过剩、交通拥挤、住房紧张、环境恶化等问题，同时第三产业逐步成为区域经济发展的主导产业。
后期城镇化水平较高，达70%，城镇化水平的增长趋于缓慢甚至停滞，后期阶段出现逆城镇化现象，即人口由市区迁往农村和小城镇，原因是城郊间交通便利，郊区环境优美，基础设施完善。之后可能出现再城镇化，即人口迁回市区，原因是开发中心区，高科技产业、第三产业的发展。"
221,120，121，167,"城镇化进程的空间差异：
发达国家与发展中国家对比
起步时间：发达国家早（英国最早，从18世纪中叶开始），因为工业化早；发展中国家晚（20世纪中叶以来），国家独立较晚，工业化晚。
目前速度：发达国家趋缓（甚至停滞），因为城镇化已推进到相对成熟阶段；发展中国家快，因为民族经济发展，人口增长迅速。
城市人口比重：发达国家大（70%以上），起步早，城镇化水平高；发展中国家小（不到40%），起步晚，城镇化水平低。
所处阶段：发达国家处于后期成熟阶段，表现为逆城镇化现象，原因是人们对环境质量的要求提高，郊区基础设施完善；发展中国家处于初期阶段或中期阶段，城市发展不合理，原因是城市经济畸形发展，人口增长快，农村劳动力过剩。"
222,"122，123，124,132","城镇化对地理环境的影响：
1.城镇化对自然地理环境的影响
地形：进行改造，使之趋向平坦，利于交通建设，方便生产生活。
气温：改变下垫面性质，产生热岛效应，影响局部地区气候，形成城市风，将城镇的污染物带到郊区，也会将郊区的污染物带到城镇。
降水：大气中固体杂质多，且市区温度高，盛行上升气流，产生雨岛效应，使市区降水强度和概率比周围地区大。
水文：破坏原有河网系统，改变下垫面性质，影响局部水循环，排水不畅，造成积水；水体因富营养化而变黑发臭；蒸发量下降，地表径流变化幅度加大，下渗减少。
生态：工业“三废”、生活污水及垃圾，干扰、破坏生态环境，城市生态遭受破坏，环境恶化。
物种：物种减少，破坏原有生态环境，使许多生物失去生存家园，物种减少。
2.城镇化对人文地理环境的影响
土地利用方式：农业用地转变为城市建设用地，城镇化缩小了城乡发展差距，促进了城乡文化交流，带动了区域经济发展，是人类社会的进步，但也出现了环境污染、交通拥堵、住房紧张、就业困难等问题。
居民就业方式：从第一产业转变为第二、三产业。
景观特征：乡村景观转变为城市景观。
人口：从分散、农业人口转变为密集、非农业人口。
经济开放程度：从低到高。
信息、交通：从欠发达变为发达。
文化、观念：受教育程度从低到高，整体文化素质提高。"
223,135，136,"地域文化的含义与类型：
含义：人类在特定地域范围内形成的文化传统，包括物质和非物质方面。
类型
物质方面：如建筑、服饰、饮食等。
非物质方面：如价值观、制度、习俗、语言、艺术等。"
224,137，138，139,"地域文化与城镇景观：
建筑格局（布局）：如中国杭州、济南等 “山水城市” 体现山水城市格局；北京中轴线对称呈现庄严雄伟、整齐对称布局。国外的罗马城，以罗马广场为中心向四周辐射的布局，不同时期的建筑与广场、街道相互交织，形成独特的城市格局；法国巴黎沿着塞纳河两岸发展，卢浮宫、巴黎圣母院等重要建筑依河而建，河与城市建筑相得益彰，构建出富有浪漫与艺术气息的城市布局。

建筑物风貌：中国古代宫殿建筑、中国南方私家园林建筑风格各异，欧洲有哥特式、巴洛克式等建筑风格，体现不同建筑风格。例如哥特式建筑的巴黎圣母院，高耸的尖塔、大窗户及精美的花窗玻璃，内部空间高挑，营造出神秘而神圣的氛围；巴洛克式建筑的罗马圣卡罗教堂，其外观造型富有动感，大量使用曲线与椭圆形元素，装饰极为华丽繁复，展现出夸张绚丽的风格特点。还有伊斯兰建筑风格的泰姬陵，白色大理石构建而成，整体对称，穹顶优雅，装饰有精美的雕刻与镶嵌艺术，在阳光下熠熠生辉，体现出伊斯兰文化独特的建筑审美与工艺水准。

城乡传统建筑、历史文化街区：中国比如，凤凰古城、平遥古城、北京故宫等为代表。欧洲，意大利的佛罗伦萨老城区，众多文艺复兴时期的建筑保存完好，如圣母百花大教堂等，狭窄的街道两旁是古老的石质建筑，建筑外立面有着精美的雕塑与壁画，漫步其中仿佛穿越回文艺复兴的辉煌时代；希腊的雅典卫城周边区域，古老的柱式建筑遗迹与传统的希腊白色民居相互映衬，这里承载着古希腊深厚的文化底蕴与历史记忆。

文化艺术：哈尔滨冰雪节、北京天坛、曲阜孔子文化等具有地域特色。国外像西班牙的奔牛节，是潘普洛纳市的传统节日，人们在街道上与公牛追逐奔跑，充满激情与活力，这一节日深刻反映了西班牙的民族性格与地域文化；巴西里约热内卢的狂欢节，盛大的花车巡游、热情奔放的桑巴舞表演，整个城市沉浸在欢乐与色彩的海洋中，是巴西多元文化融合与展示的重要平台；埃及的卢克索神庙，作为古埃及文明的象征之一，其建筑上的象形文字、壁画以及宗教仪式等都代表着古埃及独特的宗教文化与艺术成就，吸引着世界各地的游客前来感受古老文明的魅力。"
225,134,"地域文化与乡村景观：
农业生产景观：如东北黑土地的商品粮基地、云南哈尼梯田、内蒙古草原牧业、新疆山地牧场等，体现不同农业结构、耕作方式、农田景观、生产流程与场景。
乡村聚落景观：如东北黑土地的屯子、云南傣族竹楼、黄土高原窑洞、北方的四合院、内蒙古的蒙古包等，展现人口、聚落分布、房屋建筑与布局特色。"
226,"156,157","乡村空间形态的类型：
密集型乡村聚落
特点：规模较大、房屋高度密集，包括街道式（住宅建在农村大道两边，连接田间地头与周边地区）、团块式（聚落呈同心圆状向外延展，呈团块状）、棋盘式（房屋排列整齐，村内街道平直，形如棋盘）、不规则型（村落格局大而紧凑，住房排列杂乱无章，村中道路弯曲）。
分布：多分布于人口稠密的旱作农业地区。
分散型乡村聚落
特点：呈点状松散布局。
分布：多分布于地形复杂或特殊的生产类型地区。
半聚集型乡村聚落
特点：规模不大、村民住房排列较为松散，或村落沿陆路或水路交通线排列，农户间保持一定距离，最典型的是山区小村。"
227,"158,165","乡村空间形态和结构演化的因素分析：
自然因素：是乡村聚落形成和发展的基础，影响和制约乡村空间格局、规模大小、空间分布与形态。
经济因素：是乡村空间与形态变化的主要动力，促进区域内公共服务设施与基础设施建设，对乡村用地扩张的规模、速度、强度、方向及结构产生较大影响，促使乡村用地规模和用地强度出现分异特征，导致乡村内部结构及其空间分布变化，居住空间与生产空间关系重构，空间功能多样化。
城镇化与工业化因素：导致乡村内部结构及其空间分布发生变化，居住空间与生产空间的关系得以重构，空间功能多样化，出现商业空间、工业空间、休闲娱乐空间。
交通因素：交通设施的建设对乡村内部空间的布局、乡村形态的变化等影响较大。
政策因素：土地规划、产业结构调整、行政区划调整等对乡村空间布局结构、形态和功能变化具有非常重要的影响。"
228,"169,170","区域城镇化进程的判断方法：
根据人口密度变化判断：城镇化进程中人口密度在城镇中心及周边区域会呈现特定变化规律，如人口向城镇中心集聚阶段，中心人口密度快速上升，周边缓慢上升；城镇化后期，中心人口密度可能因郊区化等因素下降，周边上升。
根据城镇人口比重判断：城镇人口比重小于 30% 为初期阶段，30% - 70% 为加速阶段，大于 70% 为后期阶段；若城镇人口占总人口比重下降，可能出现逆城镇化现象。
根据产业构成判断：以农业为主为初期阶段，以第二产业为主为加速阶段，以第三产业为主为后期阶段。"
229,171，172，501，513，566，649,"主要城镇化问题及解决措施：
城市热岛效应
产生原因：水泥建筑物多、硬化面积广，城区增温快；工业、交通工具、居民生活排放废热；绿地、湿地面积减少，调节气温能力下降。
解决措施：加强城市绿化，营造、保护城区湿地环境，建设城市通风廊道，合理规划功能区。
城市内涝
产生原因：自然因素如降水强度大、历时长；人为因素如硬化面积大，不利于地表水下渗，河网系统破坏，排水系统不完善。
解决措施：完善城市排水系统，建设 “海绵城市”，增加地表径流下渗量，恢复城市湿地。
其他问题及解决措施
环境质量下降
产生原因：城镇人口过度密集，生产、生活过程中排放大量废弃物。
解决措施：建卫星城，开发新区，分散城市职能；提高资源利用率，减少废弃物排放；废弃物达标排放；提高公众环保意识。
交通拥挤
产生原因：城镇人口过度密集，交通流量大；城镇道路规划不合理；私家车增多；职住分离现象严重（功能区布局不合理）。
解决措施：合理规划城镇道路网；大力发展公共交通；限制私家车出行；合理布局城市功能区。
住房紧张、就业困难
产生原因：人口过度密集。
解决措施：加强政府保障性住房供应；建卫星城，开发新区，分散人口；促进经济发展，提供更多就业机会。"
230,173，179，181，183，192，199，454,"农业区位因素：
1.农业生产活动
概念：人们利用土地的自然生产力，栽培植物或饲养动物等，以获得所需的产品。
特点：具有地域性、季节性和周期性。
2.主要的农业区位因素
自然因素：地形、气候、土壤、水源等自然条件决定某地区适宜发展的农业类型。热量、光照与农作物种类、分布、复种制度关系密切；地形影响农业类型，平原适合种植业，山地适合林业；降水少的干旱地区一般不利于发展农业（年降水量小于 250mm 的干旱地区）；土壤影响作物的种类、产量；水源是干旱、半干旱地区农业生产的决定性因素。
人文因素：在现代农业中，市场、交通运输、科技、政策等决定农业生产的方式、水平、效率。市场需求量决定农业生产的类型和规模；快捷便利的交通可节省农产品运输、存储费用和时间；政府政策干预农业生产；劳动力的数量、素质、价格、种养技术等影响农业规模和水平；科技中的机械可提高劳动生产率，化肥、良种能提高单产，冷藏条件可扩大农产品销售范围。"
231,"173,180","农业区位条件的评价：
1.总体评价法：常用于分析某区域图中某种农业发展的条件。解答时需全面思考各因素，重点评析主导因素，依分作答且条理清晰，同时利弊兼顾、客观公正。
2.比较评价法：找出两者或两地区位因素的异同点，并分析其对农业生产活动的影响。
3.评价思路（以社会经济条件为例）
评价角度：主要关注市场、交通、劳动力、技术、政策等方面。
信息提取
市场：根据某地区人口对农产品的需求情况（城市人口数量）、农产品品质（价格）、距离城市远近等判断市场条件。
交通：根据图文材料中交通线、港口（沿海的位置）、河流等的分布，以及地区经济发展水平（一般经济发展水平越高，交通越发达）判断交通条件。
劳动力：根据某地区人口数量、经济发展水平等分析劳动力数量、素质和价格。
技术：根据某地区的经济发展水平、种植历史等判断技术条件。
政策：根据材料信息或者农业区的位置等判断是否有国家政策支持。
常见有利条件的描述：城市人口密集，市场需求量大；距离消费市场近；靠近铁路、公路，交通便利；人口稠密，劳动力丰富且廉价；种植历史悠久，经验丰富；国家政策支持等。"
232,"177，178,181","农业区位中的人文因素的变化：
在农业区位因素中，自然因素相对稳定，但可利用科学技术对不利的自然因素进行改造；社会经济因素（如交通运输条件、技术、市场、政策等）发展变化较快，对农业区位影响较大。社会经济因素变化会使生产经营规模和地域类型发生变化，例如城市工业发展、市场变化会影响农业区位因素变化。科技发展也促使农业区位因素改变，如冷藏、保鲜技术发展使交通条件改善，市场影响地域范围扩大；玻璃温室可调节光、热、湿度；沿等高线修筑梯田改造地形；人工培育土壤改良土壤；改良耕作制度、培育良种可扩大种植范围、影响生长时间和季节。"
233,"175，182,194","农产品市场竞争力的影响因素：
农产品的品质：农产品有机质含量高、着色好、病虫害少、绿色无污染、含有益微量元素等使其品质好，这是影响市场竞争力的重要因素。
生产资料成本：如土地成本、劳动力成本等生产资料成本会影响生产成本，规模效益可降低生产成本，进而影响产品市场竞争力。
农产品的流通成本
交通成本：选择合适的交通方式，距离市场近可降低交通成本。
保鲜、保质成本：这部分成本也对农产品市场竞争力有影响。
关税、税收成本（政策、贸易壁垒、国际关系）：政策等因素导致的关税、税收成本影响产品市场竞争力。
营销成本：包括线上（互联网）、线下通过减少流通环节降低成本。
流通通达度：交通、通信网络等基础设施状况，销售体系是否完善，有无保质、保鲜技术等影响农产品流通通达度，进而影响市场竞争力。
市场因素：市场大小（培育市场）、上市时机（错峰上市，利于销售）等市场因素对农产品市场竞争力有影响。此外，品牌、知名度、政策等其他因素也会影响农产品市场竞争力。"
234,"176，182,193，199","现代农业的特征：
一是具有较高的综合生产率，包括较高的土地生产率与劳动生产率，经济效益和市场竞争力较高。例如通过先进的农业技术和管理模式，实现单位土地产出更多农产品，提高劳动生产效率，从而增强在市场中的竞争力。
二是可持续发展，在农业生产中采用生态农业等方式，使农业中的水与土地等资源循环可持续利用。比如采用生态循环模式，将农作物废弃物转化为肥料，减少对外部资源的依赖，降低对环境的负面影响。
三是高度商业化，农产品主要面向市场，具有高度商业化特点。生产过程依据市场需求进行调整，以满足消费者对农产品的多样化需求。
四是生产条件现代化，利用现代化生产设施进行生产。如使用智能灌溉系统、自动化播种和收割设备等，提高生产效率和精准度。
"
235,"176，182,193","现代农业的主要类型及特点：
生态农业：强调发挥农业生态系统的整体功能，按 “整体、协调、循环、再生” 的原则，将农业全面规划、调整、优化。注重生态系统的平衡和资源的循环利用，减少化学投入品的使用，保护生态环境。
智慧农业：具有高精确性、高效率性、可追溯性和可复制性四大特征。科学制定生产管理计划，合理分配农业资源，运用现代化智能控制技术极大地提升生产效率，达到绿色生产、少投多得的效果。例如通过传感器监测土壤湿度、养分等数据，实现精准施肥和灌溉，同时可追溯农产品生产过程，保障食品安全。
精准农业：农业规划布局精准，农业项目的安排及分布与资源禀赋特点高度契合。通过一系列精确的操作，后期可以有效降低生产成本，显著提高土地产出效率，实现农业的可持续发展。如根据不同地块的土壤肥力和地形条件，精准种植不同作物，优化资源配置。
休闲农业：指利用农业景观资源，结合农业经营活动，提供休闲观光、农事参与和农家体验等服务的农业经营。具有娱乐性强、体验性强、生态性强等特点，满足城市居民对乡村生活体验的需求，同时增加农民收入来源。
订单农业：具备较高的综合生产率，是一种可持续发展和高度商业化的产业，实现了农业生产物质条件和科学技术管理方式的现代化和专业化。农户根据订单安排生产，降低市场风险，保障农产品销售渠道。"
236,176，182,"发展现代农业的措施：
扩大农业经营规模，提高相关从业人员素质。大规模经营有助于实现资源整合和专业化分工，提升农业生产效率；而提高从业人员素质，能更好地应用新技术、新模式，推动农业发展。
促进农产品电子商务发展。利用互联网平台，拓宽农产品销售渠道，打破地域限制，减少中间环节，提高农产品的市场流通效率，增加农民收入。
发展农业合作现代化新型产业。通过合作模式，实现资源共享、风险共担、优势互补，共同应对市场挑战，推动农业产业升级。
建立健全相关法律法规。为现代农业发展提供制度保障，规范市场秩序，保障农民权益，促进农业可持续健康发展。
创新农业组织形式，如在中国有股份制农业合作社，在美国农业组织联盟等等。提高农民组织化程度，增强农民在市场中的话语权，促进农业生产要素的优化配置。"
237,186，187,"服务业概念及分类：
概念：服务业是为社会生产和生活服务的产业。
分类
商业性服务业：主要以营利为目的，涵盖零售、餐饮、住宿、金融、娱乐等行业。例如，商场通过销售商品获取利润，餐厅提供餐饮服务赚取收入，酒店为旅客提供住宿并收费，银行开展金融业务盈利，娱乐场所通过提供娱乐项目盈利等。
非商业性服务业：不以营利为目的，包括教育、公共卫生和社会工作等服务业。像学校提供教育服务，医院提供公共卫生服务，社会福利机构开展社会工作服务等，这些服务主要是为了满足社会公共需求，而非追求经济利益。"
238,185，188，189，559,"主要的服务业区位因素：
1.商业性服务业
（1）自然因素：自然因素是服务业布局和发展的前提，它为服务业提供了必要的资源和空间场所，不同的自然条件会影响服务业的布局。比如，一些地区气候宜人、风景优美，吸引了大量旅游服务业的发展；而在地形平坦、交通便利的地区，更有利于商业中心等服务业的布局。
（2）人文因素
a.市场：市场对服务业区位影响显著，需要考虑人口规模、人均消费水平、居民消费偏好等因素。人口密集、人均消费水平高且消费偏好符合的地区，往往能吸引更多服务业布局。例如，在大城市中心，人口众多且消费能力强，能支撑起大型购物中心、高端餐饮等多种服务业。
b.交通：交通运输的发展使服务业布局更加灵活，促进了服务业的空间集聚。交通便利的地方，客流量大，既能扩大消费市场，又便于商品运输。比如，在地铁站、公交枢纽附近，往往会聚集便利店、小吃店等服务业；交通干线沿线也容易形成服务业集聚带。
c.劳动力：不同类型的服务业对劳动力数量、工资水平以及劳动力素质要求各异。劳动密集型服务业（如餐饮、快递等）需要大量劳动力，对劳动力素质要求相对较低；而技术密集型服务业（如软件开发、金融分析等）则对劳动力素质要求较高，需要专业知识和技能。
d.技术：技术对服务业区位的影响不断增强。以计算机和软件等行业为例，技术水平是其核心竞争力，这些行业往往布局在靠近科研机构和高等院校等科研创新能力强的地区，以便获取技术支持和人才资源；餐饮、娱乐、文化旅游等行业与专业化的管理技术融合，使其布局更加广泛，服务也更加完善，如利用信息技术实现线上点餐、预订等服务。
e.政策法规：政府的财政支持、税收和土地优惠等政策对服务业有明显吸引作用。例如，政府对新兴服务业给予财政补贴，能促进其发展；合理的政府监管和健全的法律制度有利于服务业健康发展，如规范旅游市场秩序，保障消费者权益，能促进旅游业的可持续发展。
f.集聚：一方面，不同商家集聚可以共享基础设施，降低交易成本，便捷地获取信息和技术，彼此带动，扩大知名度和影响力。比如，在商业步行街，众多商家聚集，共享道路、水电等基础设施，通过相互竞争和学习，提升服务质量，吸引更多消费者；另一方面，集聚可以减少消费者的交通费用，最大限度地吸引消费者，提高经济效益。
g.历史文化：具有不同文化背景的消费者在消费过程中的价值取向会有所不同，所形成的购买态度及其购买决策行为也会有所不同。在一些历史文化底蕴深厚的地区，会发展出具有特色的文化旅游、传统手工艺等服务业，以满足消费者对文化体验的需求。
2.非商业性服务业：非商业性服务业着眼于社会福利分配公平，以均衡化为区位选择原则，主要考虑被服务对象的需求与分布。例如，学校的布局要考虑周边居民的分布，以便学生就近入学；医院的选址要考虑覆盖区域内的人口密度，确保居民能及时获得医疗服务。"
239,185，190，191,"交通运输对商业网点选址的影响：
商业网点选址遵循市场最优原则和交通最优原则。在市场最优原则下，商业网点多位于市区中心或市内街角路口处，这些地方人流量大，能吸引大量的消费人口，如城市中心的大型商场，周边居民和流动人口众多，消费市场广阔。在交通最优原则下，商业网点会选择在交通便利的地方，如市区环路边缘或市区边缘的高速公路沿线，这些地方便于商品运输，同时也能吸引过往的客流量，像高速公路服务区内的商店，为过往车辆和旅客提供服务。"
240,184，204，205,"服务业区位因素的变化及影响：
现代社会中，经济、技术快速发展，这促使影响服务业区位选择的因素发生了显著变化。通信网络不断完善，为服务业提供了更便捷的信息交流渠道；科学技术持续进步，例如互联网技术的发展催生了众多新型服务业态；劳动力素质日益提升，使得服务业能够提供更专业化、高质量的服务；政府调控力度加大，对服务业的发展方向和布局进行引导；同时，消费者需求日益个性化，促使服务业不断创新服务模式。这些变化使得现代服务业的区位选择具有更大的灵活性和更多的选择余地。例如，随着线上服务的兴起，一些服务业不再局限于传统的地理区位，可以通过网络为更广泛的客户群体提供服务，减弱了地理空间对其的限制。新兴服务行业不断涌现，如共享经济模式下的共享单车、共享充电宝等服务业，以及线上教育、远程办公等新的服务模式，改变了服务业的传统格局。"
241,198，200,"工业生产活动：
概念：在工厂里，劳动力运用动力和机械设备，将原料制成产品。
生产的一般过程：涉及土地、劳动力、资金、能源、水源、原料、零部件等投入，产品进入市场，部分废弃物再循环，整个过程与环境相互影响。"
242,"197，198,200，253","主要的工业区位因素：
1.影响工业的主要区位因素
自然因素：土地数量、质量和价格影响工业区位；工业生产需方便取用的水源，耗水量大的工业应近河湖分布；原料的种类、数量、质量及运输成本是工业布局要考虑的因素；充足动力供应是必要条件，耗能大的工业应近能源供应地；工业原料、产品运输依赖便利交通，交通便捷处对工业吸引力大；工业生产需要一定数量和技术水平的劳动力，劳动力数量、素质、工资水平及生活习惯影响工业区位选择；工业接近消费市场可节省运费并及时获取供求信息；政府政策通过土地、税收、补贴、基础设施等措施影响工业生产和分布；技术、信息、环境、文化、个人偏好等因素对工业区位影响也日益增大。
2.按主导区位因素划分的工业类型
原料导向型工业：原料不便于长途运输或运输成本高，如甜菜制糖厂、甘蔗制糖厂、水产品加工厂、水果罐头厂等，布局接近原料产地。
市场导向型工业：产品不便于长途运输或运输成本高，如啤酒厂、石油加工工业等，布局接近消费市场。
动力导向型工业：需要消耗大量能源，如冶金等重工业，布局接近能源供应地。
劳动力导向型工业：需要投入大量劳动力，如普通服装、电子装配、制鞋等工业，布局接近大量廉价劳动力地区。
技术导向型工业：技术要求高，如集成电路、卫星、飞机、精密仪表等工业，布局接近高校、科研院所。
3.环境因素对工业布局的影响
考虑工业的环境要求：对大气环境敏感的工业，如电子厂、感光器材厂，应建在空气洁净地区，远离污染严重工厂；需要清洁水源的工业，如自来水厂、啤酒厂，应布局在市区河流上游。
考虑环境污染程度：规模小、无污染的工业可布局在城区；轻度污染工业可布局在城市边缘或近郊区；污染严重、一时难治理的大型企业，如钢铁厂、火电站等，宜布局在远离城市的郊区，并考虑盛行风向影响。产生空气污染的工厂应布局在盛行风向垂直的郊外或最小风频的上风地带；产生水源污染的工厂，其污水排放口要远离水源地及河流上游；产生固体废弃物污染的工厂要远离居民区和农田。"
243,197，198，201，202,"工业区位条件的评价：
从自然条件（能源、矿产、水资源等）、社会经济条件（市场、交通、劳动力、技术、政策等）、环境因素（环境承载力、污染程度、生态脆弱程度、环保政策约束）、特殊区位（工业基础、农业基础）等方面分析某地发展工业的有利条件。"
244,198，201，202,"工业区位分析的基本原则：
综合性原则：综合考虑地形、水源、市场、交通、原料、能源、科技、劳动力、国家政策等因素，全面分析其对工业区位的有利和不利影响。
主导型原则：不同工业部门主导区位因素不同，可分为原料导向型、市场导向型、动力导向型、劳动力导向型、技术导向型工业。
因时制宜原则：工业主导区位因素随时间变化，要用发展眼光分析区位因素变化。"
245,201，202，203,"工业区位因素的变化：
原料对工业区位影响减弱，因工业所用原料范围扩大、可替代品增多，交通运输条件改善；市场对工业区位影响增强；在发达国家，交通运输虽仍重要，但已不是主要因素，其交通运输系统完善；信息网络通达性越来越重要；劳动力素质和技能对工业区位影响逐渐增强，因工业生产机械化、自动化需要高素质劳动力；经济全球化使工业区位选择更灵活。"
246,199，210，211,"工农融合的关系：
1.工业改变农业生产模式
利用现代化的工业设备和技术装备农业，例如运用现代的生物技术、种植技术、信息技术等对农业进行改造，从而提高农业的生产效率和管理水平。比如利用精准农业技术，通过传感器、无人机等设备获取农田土壤、作物生长等信息，实现精准施肥、灌溉等操作，提高农作物产量和质量；利用现代工业的经营理念、组织方式等来管理农业的生产和经营，推动农业向产业化、规模化方向发展；将工业生产资料与农业生产对接，实现工农联动，如农业生产中使用的化肥、农药、农业机械等工业产品，促进农业生产的现代化进程。
2.工业提高农产品附加值
用工业科技手段可挖掘农产品在食用、康养等多方面的功能价值，并进行深加工，开发涉及消费者生活方方面面的衍生产品，能够增加农产品附加值和竞争力。例如将水果加工成果汁、果脯、水果罐头等产品，延长农产品的产业链，提高其经济价值；利用工业化思维改变农产品不能批量化、规模化、常规化生产的模式，以此来推动农业产业的升级，增加农产品附加值和销量，使农产品更符合市场需求，提高农业的经济效益。"
247,216，213，214,"人口分布：
世界与中国人口分布特点
世界人口稠密区位于北半球中低纬度近海平原，如亚洲东部和南部、欧洲西部、北美洲东部；人烟稀少区包括极端干旱沙漠、湿热雨林、严寒高纬度或高峻高原山区。中国人口分布不均，黑河 — 腾冲一线东南部稠密，西北部稀疏，东部沿海人口密集，西部高原人口稀少，平原人口稠密，山区人口稀少。

"
248,"217，218，219,220","人口迁移：
1.概念与分类：人口迁移指人口居住地长期或永久改变，分国际和国内人口迁移，需满足改变居住地、持续一段时间、超越一定行政界线三个条件。
2.人口数量变化计算：人口数量变化等于自然增长数量与机械增长数量之和，自然增长率大于 0 则人口自然增长数量增加，机械增长率大于 0 则人口净迁入数量增加。
3.影响因素
自然因素：如气候、土壤、水、矿产资源等，自然环境优越地区对人口迁移有吸引力。
人文因素：经济因素是主要因素，地区经济发展不平衡促使人口迁移；交通通信发展减少迁移阻碍；文化教育、家庭婚姻、宗教信仰等也影响4.人口迁移形式。
现代国际人口迁移形式：劳务输出、国际难民迁移、科技移民等。
中国人口迁移：1949 年前受多种因素影响大批迁移；1949 - 改革开放前有计划、有组织迁移；改革开放后以务工、经商为主自发迁移，流量增大，流向由中西部迁往东部和工矿区。
5.人口迁移对区域发展的影响
对迁入地：提供廉价劳动力，促进商品流通和经济发展，利于第三产业发展，但也增加公共设施负担和管理难度，可能导致住房、交通等压力增大。
对迁出地：缓解人地矛盾，加强与外界联系，但可能导致人才外流，影响经济进一步发展。"
250,222 ，223，225，226，227,"影响人口分布的自然因素：
地形
平原和低山、丘陵地区：工农业生产大多集中在此，土地平坦开阔，利于基础设施建设和大规模生产活动开展，人口相对集中。例如我国人口集中分布在地势的第三级阶梯上，这里地形平坦，交通便利，城市众多，经济发达，吸引大量人口聚集。
高山和高原地区：土地贫瘠，不利于农作物生长，难以提供充足的食物资源；交通不便，对外联系困难，限制了经济发展；气候寒冷，生存环境较为恶劣，人口较稀疏。如北美洲和亚洲的高山和寒冷地带，人口分布稀少。
气候
气温：北半球温带地区，四季分明，气温适宜，既不过热也不过冷，有利于农业生产和人类居住。例如，热带干旱地区，气候炎热干燥，人们多集中分布在气候凉爽、降水相对较多的高原、山地地区，那里气温相对温和，更适宜居住和开展生产活动。
降水：主要通过植被间接影响人口分布，不同植被带的农业生产条件和人口分布不同。一般来讲，降水多的地区，水资源丰富，能够支持大规模农业生产，人口密集；降水少的地区，水资源匮乏，难以满足大量人口的生存需求，人口稀疏。如我国西北干旱区，人口集中分布在水资源较充足的绿洲地区，绿洲依靠高山冰雪融水或地下水，形成相对适宜居住和发展农业的小环境。
水资源：干旱地区的人们往往逐水而居，人口集聚区多依水源地呈点状、线状或片状分布。水是生命之源，人们的生产生活离不开水，水源地附近能够提供稳定的水源供应，有利于农业灌溉、工业用水和居民生活用水，所以吸引人口集聚。像我国西北干旱区，人口集中分布在有河流、湖泊或地下水丰富的地区。
土壤：多通过农业生产间接影响人口分布。土壤肥力、性状不同，适合种植的农作物也不同，进而影响人口的分布。例如我国华北地区土壤较肥沃，农业生产条件好，能够产出较多的粮食，养活更多人口，所以人口稠密。
矿产资源：工业革命时期，某些地区矿产资源的开发成为人口分布的决定性因素。煤矿、油田等工矿点往往会吸引大量人口聚集，因为矿产资源的开发需要大量劳动力，并且围绕矿产资源开发会形成相关产业，提供就业机会和经济收入。如攀枝花因铁矿资源开发而兴起，克拉玛依因石油资源开发而发展，这些城市在资源开发过程中吸引了密集人口，形成城市。"
251,224，228，229，230,"影响人口分布的人文因素：
经济发展水平：经济发达地区，就业机会多，收入水平高，基础设施完善，公共服务优质，对人口的吸引力大，人口多且稠密。城镇地区以第二、三产业为主，能够提供多样化的就业岗位和较高的收入，吸引大量人口流入，人口分布较为稠密。
交通运输条件：交通便捷的地区，便于人员的流动和货物的集散，有利于区域经济的发展。交通网络发达的地方，能够加强地区之间的联系，促进贸易往来和产业发展，吸引人口集聚。例如，交通枢纽城市往往人口密集，因为其具有良好的交通便利性，能够提供更多的发展机会。
政治、文化：战争、文化教育、政府政策、地方习俗和历史等因素可能导致人口大规模移动，从而影响人口分布。例如，战争会导致人口流离失所，政府的移民政策、城市规划政策等会引导人口的迁移方向，文化教育资源的分布不均也会促使人口为了获取更好的教育资源而迁移。

 "
252,223，231 ，233，232,"资源环境承载力与人口合理容量的区别与联系：
1.区别
概念实质
资源环境承载力强调的是一个国家或地区的资源环境所能承载的最大人口数量，是极限人口，是一个警戒值。它主要考虑的是该地区的自然资源、环境状况等因素对人口数量的限制，意味着当人口数量达到或超过这个值时，可能会对资源和环境造成不可持续的压力，甚至导致资源枯竭、环境恶化等问题。
人口合理容量强调的是在保证合理健康的生活水平条件下，促进可持续发展前提下的适度人口数量，是最佳人口，是一个合理值。它不仅考虑资源环境因素，还综合考虑经济、社会、文化等多方面因素，旨在寻求一个既能满足当代人需求，又不损害子孙后代利益的人口规模，以实现人口、资源、环境与经济、社会的协调发展。
角度意义
资源环境承载力从自然资源的承载力角度出发，重点关注的是生存问题，即确保人口能够在该地区生存下去所依赖的资源基础，如土地、水资源、矿产资源等能否支撑起相应的人口规模。
人口合理容量从人口与资源、环境、经济、社会协调发展的角度，更侧重于发展问题，强调在可持续发展框架内，人口数量与资源利用、环境保护、经济发展和社会进步相适应，以实现高质量的发展和人类福祉的提升。
数量关系
一般情况下，资源环境承载力所对应的人口数量较大，因为它主要基于资源的最大供给能力来计算，而人口合理容量相对较小，它是在综合考虑多种因素后得出的一个更为优化和可持续的人口规模。例如，一个地区的资源环境可能在理论上能够承载较多的人口，但从合理发展和生活质量的角度考虑，人口合理容量会低于这个极限值。
2.联系
不确定性：历史时期不同，影响资源环境承载力和人口合理容量的因素会发生变化。例如，科技进步可能提高资源利用效率，从而增加资源环境承载力；社会经济发展模式的转变、人口消费观念的变化等也会影响人口合理容量的估算。这些因素的动态变化使得资源环境承载力和人口合理容量具有不确定性，难以精确确定一个固定不变的值。
相对确定性：在一定历史时期，当影响因素相对不变时，可以对资源环境承载力和人口合理容量进行相对定量估算，即具有相对确定性。例如，在短期内，一个地区的资源储量、科技水平、社会经济结构等相对稳定，基于这些因素可以大致估算出该地区在当前条件下的资源环境承载力和人口合理容量范围，为区域规划、政策制定等提供参考依据。"
253,234， 235,"影响人口合理容量的因素：
1.资源：是影响人口合理容量的首要因素。资源越丰富，能够供养的人口数量相对越多；资源种类越齐全，越有利于发展多种产业，提高人口合理容量。例如，一个地区拥有丰富的土地资源、水资源、矿产资源等，就能够支撑起较大规模的人口生存和发展。
2.科技发展水平：科技水平的提高可以极大地提高资源利用效率，发现新的资源，从而扩大人口合理容量。例如，现代农业技术的发展使得单位土地面积的粮食产量大幅提高，能够养活更多人口；新能源技术的突破，如太阳能、风能等的利用，增加了能源供应，缓解了能源对人口容量的限制。
3.人口的生活和文化消费水平：生活和文化消费水平越高，人均资源消耗越大，人口合理容量相对越小。不同地区和人群的消费模式差异很大，如发达国家居民的消费水平普遍较高，对资源的消耗量大，其人口合理容量相对发展中国家可能较低；而一些具有节俭消费文化的地区，在相同资源条件下可能容纳相对较多的人口。
4.地区开放程度：地区开放程度越高，越有利于从外部获取资源、技术和劳动力，也有利于输出产品和服务，从而提高人口合理容量。例如，一个沿海开放城市可以通过国际贸易获取其他地区的资源，引进先进技术和管理经验，吸引外来投资和人才，突破本地资源和市场的限制，扩大人口合理容量。"
254,236，237,"谋求人口合理容量的措施：
世界各国、各地区应尊重人地协调发展的客观规律，因地制宜制定本区域持续发展战略。这意味着要充分考虑本地的自然环境、资源禀赋、社会经济条件、文化传统等因素，制定适合自身发展的人口、资源、环境政策。例如，对于资源匮乏但科技发达的地区，可以依靠科技创新提高资源利用效率，发展高附加值产业，实现人口与资源环境的协调发展；对于生态脆弱地区，要更加注重环境保护，适度控制人口规模，发展生态友好型产业。"
255,238， 239,"人口问题及解决措施分析：
1.发达国家
人口问题
人口增长缓慢，甚至出现负增长，导致劳动力短缺。随着社会经济发展和人们生活观念转变，发达国家的生育率持续下降，人口自然增长缓慢，劳动力补充不足，影响经济发展。例如，一些欧洲国家面临着严重的劳动力短缺问题，影响了企业的生产和服务业的发展，导致部分行业出现用工荒。
人口老龄化严重，老年人口比重过高。这使得社会养老负担加重，医疗、养老等社会保障体系面临巨大压力，同时也可能导致劳动力市场活力不足，经济创新能力下降。如日本，老年人口比例高，养老金支出庞大，给政府财政带来沉重负担，且老年劳动力在就业市场上的竞争力相对较弱，一定程度上阻碍了经济结构的调整和创新发展。
解决措施
鼓励生育，通过提供育儿补贴、延长产假和陪产假、税收优惠等政策，减轻家庭养育孩子的经济负担，鼓励家庭生育更多子女，增加劳动力供给。例如，法国政府为鼓励生育，为生育多个子女的家庭提供丰厚的育儿补贴，包括每月的现金补助、儿童保育费用补贴等，同时在税收方面给予优惠，降低家庭的税收负担。
接纳移民，从其他国家吸引年轻劳动力和各类专业人才，补充本国劳动力市场，缓解人口老龄化压力，同时促进文化交流和经济发展。例如，德国近年来积极吸引来自中东、东欧等地的移民，以填补劳动力市场空缺，尤其是在一些技术工人短缺的行业，移民的加入为德国经济注入了新的活力。

2.发展中国家
人口问题
人口增长过快，出生率高，人口自然增长率高，给资源和环境带来巨大压力。过多的人口需要消耗大量的自然资源，如土地、水资源、能源等，可能导致资源短缺，同时也容易引发环境恶化，如森林砍伐、水土流失、环境污染等问题。例如，一些非洲国家人口增长迅速，为了获取更多耕地和生活资源，大量砍伐森林，导致水土流失加剧，生态环境遭到破坏。
少年儿童比重过大，导致教育、就业、住房等资源紧张。教育资源难以满足大量儿童的需求，影响人口素质提升；就业岗位不足，导致失业率上升，年轻人就业困难；住房供应紧张，居住条件难以改善。如印度，庞大的少年儿童人口数量给教育系统带来巨大压力，学校数量不足、师资力量薄弱等问题普遍存在，影响了儿童受教育的机会和质量。
解决措施
实行计划生育政策，控制人口增长，通过宣传教育、提供计划生育服务等方式，引导家庭合理生育，降低出生率，缓解人口对资源环境的压力。例如，中国在过去几十年间实行计划生育政策，有效地控制了人口过快增长，为国家经济发展和资源环境的可持续利用创造了有利条件。
提高人口素质，加大对教育、医疗、技能培训等方面的投入，提高人口的健康水平和劳动技能，增强人口的就业能力和创新能力，促进经济发展。比如，许多发展中国家加大对基础教育的投入，提高入学率，培养更多有知识、有技能的劳动力，推动产业升级和经济发展。

3.中国的人口问题及对策
人口问题
人口基数大，尽管实行了计划生育政策，但庞大的人口基数仍然使得每年新增人口数量较多，对资源分配、经济发展、社会稳定等方面带来挑战。例如，在教育资源分配上，虽然近年来教育投入不断增加，但由于人口基数大，优质教育资源仍然相对紧张，升学竞争激烈。
人口老龄化加剧，随着医疗水平提高和生活条件改善，人口平均寿命延长，老年人口比重逐渐上升，养老服务需求增加，社会养老负担加重。我国老年人口数量快速增长，养老设施、养老服务人员等供给不足，家庭养老功能逐渐弱化，如何保障老年人的生活质量成为重要问题。
人口素质有待提高，虽然教育水平不断提升，但与发达国家相比，整体人口素质仍有差距，高素质人才相对不足，制约科技创新和产业升级。在一些高端科技领域，缺乏足够的顶尖人才，影响我国在全球科技竞争中的地位。
人口结构不合理，出生人口性别比失衡，男性人口相对较多，可能引发婚姻挤压等社会问题；城乡人口分布不均衡，大量人口集中在城市，农村劳动力短缺，城乡发展差距较大。部分农村地区由于年轻人外出打工，出现空心化现象，农业生产和农村经济发展受到影响。
对策
继续坚持计划生育基本国策，稳定低生育水平，合理控制人口增长，避免人口过快增长对资源环境造成更大压力。根据人口形势变化，适时调整生育政策，促进人口长期均衡发展。例如，我国近年来逐步实施全面二孩、三孩政策，以应对人口老龄化等问题，同时加强生育政策与相关经济社会政策的配套衔接。
完善养老保障体系，加大对养老服务设施建设的投入，发展多元化养老模式，如居家养老、社区养老、机构养老相结合，提高养老服务质量，应对老龄化挑战。鼓励社会力量参与养老服务，培养专业养老服务人才，满足老年人多样化的养老需求。
大力发展教育事业，加大教育投入，普及九年义务教育，发展高等教育、职业教育和继续教育，提高人口受教育程度，培养高素质人才，提升人口素质，促进人口红利向人才红利转变。加强教育公平，缩小城乡、区域教育差距，为全体国民提供平等的受教育机会。
促进人口均衡发展，加强对出生人口性别比的综合治理，严厉打击非法性别鉴定等行为；推动城乡一体化发展，加强农村基础设施建设，提高农村公共服务水平，引导人口合理分布，缩小城乡差距。通过产业扶持等政策，鼓励人才向农村和中西部地区流动，促进区域协调发展。"
256,"244，245，246,247","交通运输方式的合理选择：
五种交通运输方式的特点：水路运输运量大、运价低、运速慢、灵活性和连续性差、成本低；铁路运输运量较大、运价较高、运速较快、灵活性差、连续性好、投资大且占地广；公路运输运量较小、运价较高、运速较慢、灵活性好、连续性好、短途运输成本低；航空运输运量小、运价高、运速快、灵活性差、连续性差、投资大；管道运输损耗小、平稳安全、管理方便、灵活性差、连续性好、投资大。
交通运输方式的选择
货运方式：根据货物性质、重量、运输距离、时间效益等选择。贵重或急需货物、易死亡变质活物及鲜货短程运输选公路，远程选航空；大宗笨重货物远程运输选铁路或水运；液体、气体、粉末状固体选管道。
客运方式：考虑交通工具速度、费用、安全性、舒适性及旅客出行时间、距离、目的、经济条件等。一般追求快速直达，注重舒适性和便捷性。
"
257,240，241，243，249，251，252,"交通线运输布局：
自然因素影响：地形影响线路走向和施工难度，如山区线路弯曲度大、桥隧多；地质条件影响工程稳定性，如避开断层、滑坡等地质灾害多发区；气候影响施工和运营，如暴雨、洪涝、冻土等影响线路建设和维护；水文条件影响桥涵建设和线路走向，如避开沼泽、跨越河流等。
社会经济因素影响：经济发展水平决定交通运输需求和建设能力，经济发达地区交通线密度大、标准高；人口和城市分布影响线路走向和站点设置，交通线连接城市和人口密集区；资源分布影响线路布局，资源开发地与消费地之间需要交通线连接；科技发展为交通建设提供技术支持，如高速铁路、跨海大桥等建设依赖先进技术。"
258,"240，241，250，254,257,258","交通运输点的布局：
港口：自然条件要求河港河宽水深、海港背风避浪水深，且都要与城市和陆路交通相连。选址需考虑陆域地形平坦开阔、水域有足够水深和停泊空间、有良好避风条件、泥沙淤积少等。
汽车站：受自然因素影响小，要求地形平坦开阔、位置适宜，与城市交通干线和对外交通有方便联系，数量、密度和规模受经济发展水平制约。
航空港：受地形、气候、地质、水文等影响大，要求地形平坦开阔、地势较高、坡度适当、天气较好、距城市较远但交通便利，多分布在经济发达、人流物流量大的地区。"
259,"255,256","交通运输布局的一般原则：
依据运输需求确定运输方式、线站布局和设计标准；适度超前满足未来运输需求；因地制宜考虑自然条件；少占土地，尤其是耕地；发挥综合运输优势，形成立体系统交通运输网；平衡地区发展，适应国防需要。"
260,241，249，251,"交通运输需求与交通运输布局：
交通运输需求量大小影响交通线标准和场站规模，需求大则标准高、规模大。
区域内部交通需求差异影响交通运输布局的点和线，交通线连接主要城市，相邻重要城市间可能布局多条平行交通线。
运距、运时、运量、运价、运向等差异决定交通运输布局要发挥不同运输方式特点，提高转运效率，形成综合交通运输枢纽。
区域交通运输需求的增长和分布变化决定交通运输布局变化特点，如需求增长促使交通设施扩建。"
261,259，260,"资金与交通运输布局：
经济落后区域资金紧张，交通建设落后；经济发展水平提高，才有资金推动交通运输建设技术进步，使布局更灵活。"
262,242，243，252,"交通运输布局促进区域发展：
1.经济效益
整体影响：利于区域产业转移、产业结构调整，带动相关产业发展。例如，交通便利地区更容易吸引各类产业集聚，促使产业从发达地区向欠发达地区转移，推动区域产业结构优化升级，同时带动上下游相关产业协同发展，如物流、包装、维修等产业。
第一产业：促进沿线农产品外运，提高商品率，扩大销售范围。交通改善使农产品能够更快捷地运往市场，减少损耗，增加农民收入，像一些偏远山区的特色农产品，因交通条件改善得以走向更广阔的市场。
第二产业：有利于资源开发，将资源优势转化为经济优势（或促进区域自然资源的开发利用）；促进区域间的产业转移和地区产业的优化升级。比如在资源丰富但交通不便的地区，交通设施的完善能使资源得以开发利用，吸引相关产业入驻，实现资源的经济价值；同时也便于产业在区域间转移，使各地区根据自身优势发展适宜产业。
第三产业
降低运输成本，缩短运输距离，节约运营时间。便捷的交通网络减少了运输过程中的时间和费用消耗，提高了企业运营效率，降低了生产成本。
提升运输能力，完善交通运输网络，运输效率提高。多种运输方式的综合运用和交通线路的优化布局，增强了区域运输能力，使货物和人员的流通更加顺畅。
交通运输本身也是重要的产业，其发展能带动沿线旅游业、商业等第三产业的发展。例如交通枢纽地区往往会形成大型商业中心、旅游集散中心等，促进旅游、餐饮、住宿、购物等行业繁荣。
城市：加快工业化进程，促进城镇化水平提高，扩大城市经济腹地（服务范围），改善基础设施建设。交通发展吸引工业企业集聚，推动工业化进程，进而带动人口集聚，促进城镇化发展；城市交通改善后，能够辐射更广泛的区域，扩大经济腹地，同时促使城市基础设施不断完善。
其他方面：缩小区域间的时空距离、加强经济交流，促进人流、物流等经济要素的流动及合理配置。不同区域间通过交通联系更加紧密，资源、技术、人才等要素能够更自由地流动，实现区域间优势互补，推动区域经济协同发展。
2.社会效益
增加就业机会。交通建设、运营以及相关产业的发展都需要大量劳动力，如公路、铁路建设中的施工人员，交通站点的工作人员，物流企业的员工等，为当地居民提供了就业岗位。
有利于加快经济落后地区的致富速度。交通改善使落后地区与外界联系加强，能够引入外部资源，发展特色产业，促进经济增长，帮助当地居民脱贫致富。
良好的交通条件促进地区间人员往来和文化交流，增进不同民族间的了解和融合，维护社会和谐稳定。
在边境地区，交通设施的完善便于军队的调动和物资的运输，对于国防安全具有重要意义。"
263,261，262,"交通运输对聚落形成的影响：
交通便利的地方有利于聚落形成。例如河流交汇处，水源充足且交通便利，能够为聚落提供生活用水和便利的水运条件，便于物资交流和人员往来，往往会形成较大的聚落；入海口地区，既是河运的终点，也是海运的起点，交通优势明显，容易发展成为重要的城市，如上海；交通干线沿线地区，人员和物资流动频繁，也有利于聚落的产生和发展。"
264,213，263，264,"交通运输方式和布局的变化对聚落空间形态和发展速度的影响：
聚落空间形态变化
古代，水运和陆运是主要的交通运输方式，聚落多沿江、河、湖泊分布或在陆路交通的交点发展，形成条带状或团块状的聚落形态。比如我国南方的一些水乡古镇，多沿河流呈条带状分布；北方的一些古城，多以陆路交通要道为中心呈团块状分布。
近代，公路和铁路兴起，聚落沿铁路、公路分布，发展成星状形态，且多沿交通轴扩展。交通干线成为聚落的主要发展轴，聚落向交通便利的方向延伸，如一些铁路枢纽城市，城市形态沿铁路线向外扩展。
现代，综合运输时代，聚落沿主要交通干线分布，更多、更灵活地扩展，形态多方向分散。城市交通网络日益发达，除了传统的铁路、公路，还有地铁、轻轨等多种交通方式，聚落不再局限于单一方向的发展，而是向多个方向延伸，形成更加复杂多样的空间形态。
聚落发展速度变化
交通干线扩展，城市空间形态沿交通线发展速度加快，城市规模不断扩大，新的城区沿着交通干线不断涌现，城市的辐射范围和影响力也随之增强。
交通线发展基本不变，聚落发展速度减缓，可能维持原有规模或缓慢发展，缺乏新的发展动力。
交通线衰落，城市空间形态可能随之衰落，如一些因铁路改线或废弃而失去交通优势的城镇，人口外流，经济衰退，城市规模缩小。"
265,267，271，272，537，538，565，633,"人类面临的主要环境问题：
1.环境问题的概念：由自然界或人类活动作用于环境，引起环境质量下降或生态失调，对人类生产生活产生不利影响的现象。
2.环境问题产生的原因
直接原因：人类获取物质和能量速度超过资源再生速度，排放废弃物数量超过环境自净能力，导致资源短缺、生态破坏和环境污染。
主要原因：人口增长快，资源利用不合理，片面追求经济增长。
3.主要环境问题的表现
环境污染：包括大气污染、水体污染、土壤污染（随意排放工业 “三废” 和不合理使用化肥、农药）、固体废弃物污染（生产生活产生有害垃圾）、放射性污染（放射性物质泄漏）、海洋污染（各类污染物排入海洋）、噪声污染（建筑工地、娱乐、交通等）。
生态破坏：如水土流失、土地荒漠化（滥伐、滥垦、滥牧，自然植被破坏）、土地盐碱化（不合理灌溉）、全球变暖、臭氧层破坏（过量排放二氧化碳、氟氯烃等温室气体）、生物多样性减少（生物生存环境破坏、过度捕猎）、森林环境调节功能下降（滥伐森林）。
资源短缺：水资源短缺（水质污染、工农业用水量大、降水少）、土地资源短缺（城市建设用地增加等）、能源短缺（利用率低、浪费严重、资源分布不均）。"
266,265，270，273，274，633,"环境问题的治理：
环境污染：减少污染物排放（提高资源利用率、达标排放、使用环保原料燃料等），加强绿化增强自净能力，加强国际合作解决全球性问题。
生态破坏：恢复生态，停止不合理人类活动，恢复植被、水域增强环境调节功能。
资源短缺：“开源”（开发替代资源、加强储量勘探等）与 “节流”（提高利用率、减少浪费、循环利用等）相结合。"
267,268，275，276,"人类社会不同时期的人地关系思想：
采集渔猎时代：以采集、渔猎为主，改造环境能力弱，人类与环境保持原始平衡关系，崇拜自然。
农业文明时期：大规模开发利用土地、水等资源，人口增长，人类与环境对抗性增强，人地关系不协调，开始改造自然。
工业革命以来：科技进步，人类攫取自然资源能力空前提高，人地关系全面不协调，矛盾激化，试图征服自然。"
268,266，269，277，278,"可持续发展：
1.概念：满足当代人需求，又不危及后代人满足其需求能力的发展。
2.可持续发展的内涵与基本原则
内涵：生态可持续发展是基础，强调与资源环境承载力相协调；经济可持续发展是条件，追求节约能源、减少废物、提高效益；社会可持续发展是目的，以改善和提高生活质量为目标，注重社会公平。三者相互联系、相互制约。
基本原则
公平性原则：包括同代人、代际、人类与其他生物种群、不同国家与地区之间的公平，如保护生物多样性、各国共享资源环境等。
持续性原则：经济活动和社会发展须保持在资源环境承载力内，如控制人口规模、合理开发利用资源等。
共同性原则：发展经济和保护环境需各国共同参与，地区决策应有助于全球协调，如国际合作应对环境问题。"
269,266，279，280,"实现可持续发展的途径：
消除贫困：贫困是发展中国家环境恶化和发展障碍的根源，消除贫困对实现可持续发展至关重要。
发展绿色经济：基于煤炭、石油等化石能源的经济为 “褐色经济”，“绿色经济” 追求经济、环境、社会平衡，强调节能减排、资源高效利用和社会公平，各国应探索适合国情的模式。
提倡可持续消费：依靠公众支持参与，建立简约适度、绿色低碳生活方式，反对奢侈浪费和不合理消费。"
270,281， 282， 283，509,"分析某区域可持续发展的思路：
分析区域地理背景：包括区域特征、地理环境特征、人类活动与人地关系等。
分析区域发展的优势条件：如自然环境、资源条件、交通、科技、市场等。
分析区域发展的限制性因素：如自然灾害、资源短缺、环境问题、基础设施、经济结构、人力资源和对外开放程度等。
分析区域可持续发展的措施
合理开发利用资源，发展优势特色产业，促进资源可持续利用。
发展科技，推动产业升级。
加强基础设施建设，调整产业结构，促进产业化经营。
发展生态农业，推行清洁生产和文明消费，发展循环经济，建设资源节约型和环境友好型社会。
促进对外开放。
发展教育，计划生育，控制人口数量，提高人口素质。
重视生态环境保护和建设，防治环境问题。
科学防御自然灾害，建立防灾减灾体系。"
271,284，285，286，287，288,"实现循环经济的基本途径：
工业上推行清洁生产
清洁生产是一种在产品生产过程和预期消费中，既能合理利用自然资源，把对环境的危害减至最小，又能充分满足人类的需要，使社会经济效益最大化的生产模式。其含义包括三个方面的内容：
清洁的能源：在工业生产过程中，尽可能采用清洁能源，如太阳能、风能、水能、生物能等可再生能源，替代传统的煤炭、石油等化石能源，减少能源使用过程中对环境的污染排放，降低对不可再生资源的依赖，实现能源的可持续利用。例如，一些工厂在屋顶安装太阳能电池板，为生产设备提供部分电力，减少对电网供电（可能来源于煤炭发电等）的需求。
清洁的生产过程：从原材料获取、加工、生产到产品包装、运输等各个环节，都采用先进的生产技术和工艺，提高资源利用效率，减少废弃物的产生。例如，通过优化生产流程，改进生产设备，使原材料能够得到更充分的利用，减少原材料的浪费；采用无污染或低污染的原材料替代有毒有害的原材料，从源头上降低污染物的产生；加强生产过程中的污染治理，对产生的废水、废气、废渣等进行有效处理，使其达标排放或实现循环利用。
清洁的产品：产品在设计阶段就考虑其整个生命周期对环境的影响，使其在使用过程中以及使用后都不会对环境造成危害，并且易于回收、再利用或处置。例如，设计可降解的塑料产品，在自然环境中能够较快分解，减少白色污染；生产节能型电器产品，降低使用过程中的能源消耗；产品包装采用环保材料，减少包装废弃物对环境的影响，同时方便回收利用。
农业上发展生态农业
生态农业是充分发挥生态经济优势，将农业生产和生态平衡纳入协调一致轨道的农业经营方式。它的特点是运用生态系统的观点，把农业生产视为一个整体，合理利用自然资源，实现农业生产与生态环境的良性互动，促进可持续增产。例如，在稻田中养鱼、养鸭，鱼和鸭的活动可以疏松土壤、捕食害虫，鸭粪和鱼粪又可以为水稻提供肥料，形成一个互利共生的生态系统；在果园中种植牧草，牧草可以保持水土、增加土壤肥力，同时可以作为牲畜的饲料，牲畜粪便又可以回田滋养果树，实现资源的循环利用和生态平衡的维护。"
272,294，295，296,"自然资源及其属：
概念：在一定经济技术条件下，从自然环境中获得并能满足人类生产和生活需求的物质和能量。
属性：具有自然属性（数量、质量和空间分布遵循客观规律）和社会属性（受人类需求及社会发展水平影响）"
273,297，298，299,"自然资源的特征：
1.数量特征
有限性：自然资源的总量有限，无法满足人类对其数量不断增长的需求。例如，地球上的矿产资源储量是固定的，随着开采的持续进行，其可采储量逐渐减少。
稀缺性：在一定时间和空间范围内，自然资源的数量和可获取量存在限制，导致其稀缺。如在干旱地区，水资源稀缺，成为制约当地发展的重要因素。
2.质量特征：自然资源的质量有优劣之分，其优劣程度影响着人类对其利用的方式、程度和效益。例如，优质的铁矿石含铁量高，冶炼成本低，而低质量的铁矿石则需要更复杂的工艺和更多的能源投入。
3.空间分布特征
可再生资源：具有地带性分布特征，其分布受到自然地理环境因素（如气候、地形、土壤等）的影响。例如，森林资源主要分布在气候湿润、地形适宜的地区。
非可再生资源：往往在特定的地质条件下形成富集地区。例如，石油资源多分布在沉积盆地等地质构造区域。"
274,291，300，301,"资源安全问题：
1.概念：一个国家或地区乃至整个人类社会发展所需的自然资源供给能够得到满足的状态或能力。
2.危害：影响生产、经济和社会的正常运行，甚至危及人类社会赖以生存的物质基础，引发灾难性的后果。例如，水资源短缺可能导致农业减产、工业停产，进而影响社会稳定。
3.产生原因：资源供给与需求的失衡。"
275,289，302，303,"资源安全问题的影响因素：
资源禀赋：包括资源的类型、数量、质量、分布等总体情况。例如，一个国家若拥有丰富的石油资源，其在能源供应方面的资源禀赋较好。
资源生产与供给能力：涉及资源开发技术和经济能力、资源跨区域调配工程以及资源贸易等方面的能力。例如，技术先进的国家能够更高效地开采和利用资源，提高供给能力。
资源消费需求：受人口增长、消费水平提高和消费质量提升等因素影响。如人口增长会增加对资源的需求，消费水平提高可能导致对资源的消耗增加。"
276,290，304，305,"资源安全问题影响国家安全：
资源安全是一个国家安全体系的战略性基础，资源的严重短缺可能触发和放大环境、经济、军事甚至政治等领域的国家安全危机。例如，能源资源短缺可能引发国际能源市场的动荡，影响国家经济安全；对重要矿产资源的争夺可能导致地缘政治紧张局势。"
277,290，291，293，306，307,"保障资源安全的主要途径：
1.增加资源供给和保障能力
挖掘资源潜力：如开发深层地下淡水资源。
开发替代资源：例如开发风能、太阳能、地热能等替代常规能源。
增加区外资源调配与贸易：我国修建中缅油气管道德国进口石油、天然气。
2.有效管控战略资源：制定相应政策，限制稀土资源出口。
3.节约和优化资源利用
提高资源使用效率、降低资源消耗：我国大力推广循环经济，工业生产中废水治理后循环利用，提高水资源利用率。
使用效益最大化：通过技术创新和管理优化，使资源利用达到最佳效果。
4.公众参与，推行 “绿色” 生活方式：大力宣传，增强公民的节约意识。
采取环境友好型的开发利用方式：在保护的前提下，合理开发利用资源，规避衍生问题。"
278,308，309,"中国主要能源类型与能源安全：
1.石油供需与能源安全
进口石油主要来自俄罗斯以及西亚、非洲、拉丁美洲等国家和地区，进口来源相对集中，可能给中国的能源安全带来威胁。
2.煤炭开发利用与能源安全
供需空间明显错位导致的运输安全风险，主产区（如西北和黄土高原地区）运输距离长、成本高，主要消费区在东部地区。
环境问题严重，煤炭生产过程中占用耕地、破坏植被、导致水土流失、地表塌陷，产生水污染和大气污染；消费过程中释放污染性气体，造成酸雨和严重雾霾，释放大量二氧化碳，导致全球变暖。
3.中国能源消费特点
能源消费总量将继续增长，但增速降低。
煤炭在很长一段时间内仍然是最主要的能源，但其在能源结构中的比例将不断降低。
核能、水电、太阳能和风能等非化石能源在能源结构中的占比将显著提高。
石油、天然气消费量将进一步增长。"
279,310，311，312,"海洋空间资源类型及应用：
海岸与海岛：用于交通运输、发展工农业、建造城镇、发展旅游等。
海面：可建设人工岛屿、海上机场、工厂和城市等。
水体：是水下交通工具运行空间、观光旅游、体育运动和人工渔场等的场所。
海底：可用于建设海底隧道、通信线缆、运输管道、倾废和储存场所。"
280,293，313，314，315,"海洋空间资源开发特点：
海洋环境和生态条件复杂，开发利用具有技术难度大、资金投入大、风险大的特点。例如，海面上活动要抗御多变的海洋气象状况和海水的运动，深海活动要适应黑暗、高压、低温、缺氧的环境，海水的腐蚀性强，海冰的破坏性大，对工程设备材料和结构有严格要求。"
281,316，317，318,"海洋空间资源开发利用方式及意义：
方式：包括交通空间（海港码头、运输船舶、海上航道等）、生产空间（海上电站、人工岛、填海造陆、海洋牧场等）、通信空间（海底线缆等）、储藏空间（海底货场、海底仓库、海洋倾废场等）、娱乐空间（海洋公园、海滨浴场、海上运动区等）的开发。
意义：拓宽了人类的生活空间；随着人类向海洋挺进，利用空间更为广阔。"
282,319，320，321,"海洋空间资源开发对资源安全的影响：
使国土空间增大，增加资源供给。
改善岛屿与陆地的通达性。
拥有对各种海洋资源开发和利用的权利。
缓解陆地资源紧缺的局面，保障国家资源安全。
海底可为易燃、有毒、有放射性的资源提供储藏场所。"
283,326，340，341，342，655,"自然界的碳循环与温室效应：
碳循环：碳元素在大气圈、水圈、生物圈以及岩石圈之间迁移、转化所构成的循环。
温室效应：大气中的水汽、二氧化碳、甲烷等温室气体强烈吸收地面长波辐射，使地球保温。"
284,337，338，339，343，344,"全球气候变暖的影响及其应对措施：
影响
导致海平面上升，淹没沿海低地，威胁人类居住地。
引起降水和干湿状况变化，影响农业生产和水资源分布。
极端天气频发，威胁人类生命财产安全。
加剧部分地区虫灾，影响生态平衡。
导致全球粮食减产，危害人类健康。
应对措施
植树造林，增加植被覆盖率，吸收二氧化碳。
调整能源消费结构，提高清洁能源使用比例。
发展节能技术，提高能源利用效率。
调整产业结构，减少高耗能产业比重。
培育农作物新品种，适应气候变化。
提高公众环保意识，倡导低碳生活。"
285,328，336，345，346，535,"碳排放对环境的影响：
1.导致全球气候变暖，产生温室效应，引发海平面上升、极端天气等问题。
2.加快两极冰川融化，使海平面上升，淹没沿海低地，破坏沿海生态系统和人类居住地。
3.部分地区虫灾加剧，破坏生态平衡，影响农业生产和生物多样性。
4.导致全球粮食减产，威胁粮食安全；危害人们的身体健康，如增加疾病传播风险等。"
286,347，348，535,"碳减排的主要措施：
1.政策指引：贯彻可持续发展理念，积极参与全球气候治理，实施应对气候变化和碳减排的战略、措施和行动。
2.技术支持：变革能源体系，发展非碳能源，提高能源技术水平，获得产业主导权。
3.国际合作：遵循 “共同但有区别的责任” 原则，发达国家率先减排，向发展中国家提供资金、技术支持，各国共同应对气候变化。
理念更新：秉持人类命运共同体理念，加强国际合作，推进清洁能源转型，保护自然生态系统。"
287,349，350,"生态退化的类型：
森林破坏、土壤侵蚀、土地荒漠化、物种灭绝等。"
288,351，352,"生态退化的原因与表现：
原因
自然因素：区域地质地貌、气候和水文等异常变化。
人为活动：人口增长、农业活动、工业化与城镇化活动、文化与旅游等，加速生态退化。
表现：生态系统抵抗性降低、缓冲能力减弱、敏感性和脆弱性增强，服务功能下降，自然灾害频发，可再生资源短缺。"
289,330，353，354，637，654,"应对生态退化问题的措施：
1.实施生态修复
概念：利用自然恢复能力或人工措施，使受损生态系统恢复良性循环。
分类
自然恢复：消除人为干扰，依靠生态系统自我调节能力恢复。
人工修复：采取生物、工程等措施，加快生态系统恢复速度。
2.建立自然保护区
(1)概念：对有代表性的保护对象所在区域，依法划出予以特殊保护和管理的区域。
(2)保护对象：自然生态系统、珍稀濒危野生动植物物种、自然遗迹等。
(3)保护措施
对未改造或轻微改造的生态系统，禁止干扰破坏。
对已破坏的生态系统，减少人为干扰，使其恢复稳定状态。
(4)功能区：核心区严格禁止进入；缓冲区禁止旅游和生产经营活动；实验区可进行科研、教学、旅游等活动。
类别、类型：分为自然生态系统、野生生物、自然遗迹 3 个类别 9 个类型。
(5)意义
调节服务功能：维持水循环、调节气候、净化水质等。
供给服务功能：保护野生动植物，保障资源需求。
科学研究：为多学科提供研究基地。
科普教育：提高公众环保意识。"
290,332，333，335,"污染物跨境转移的形成及其对环境的影响：
1.形成原因
自然因素：大气、海洋污染物转移扩散。
人为因素
发达国家：环保标准严格，将污染物转移至发展中国家。
发展中国家：经济技术落后，缺乏处理能力。
2.危害：扩大污染范围，危害全球环境，威胁人体健康，引发区域性环境危机。"
291,334，642,"保障资源、环境领域国家安全的措施：
1.绿色生产方式
绿色农业：资源利用节约化、生产过程清洁化、废弃物处理无害化。
绿色工业：绿色开采、提高资源利用率、清洁生产。
绿色服务业：发展低消耗、低污染服务业，服务过程清洁化。
2.推进生活方式的绿色化：树立人与自然和谐共生的资源与环境安全观，形成勤俭节约、绿色低碳、文明健康的生活方式和消费模式。"
292,356，357，654,"实现 “碳中和”“碳达峰” 的措施：
能源生产与消费结构转型
核心措施是用水电、风电等清洁能源替代煤炭、石油、天然气等化石能源，从能源供应端减少碳排放，推动能源结构向低碳、无碳方向转变，降低对化石能源的依赖，以实现能源生产和消费的绿色转型。
提升能源的使用率
主要通过提升工艺、更新设备等手段来提高能源使用效率，从而减少现有排放。例如，企业采用先进的生产技术和设备，优化生产流程，使能源在生产过程中得到更充分的利用，降低单位产品的能耗，进而减少温室气体排放。
加大碳的吸收固定
一方面，植树造林是增加碳吸收的重要途径，通过提高植被覆盖率，利用植物的光合作用吸收二氧化碳，将其固定在植被和土壤中，增强自然生态系统的碳汇能力。另一方面，通过工业固碳技术，实现二氧化碳的资源化利用，如将二氧化碳转化为化工原料、建筑材料等，达到减少大气中二氧化碳含量的目的。
碳交易
发展碳汇，鼓励 CCUS（碳捕获、利用与封存）等碳移除和碳利用技术。把 “碳交易、气候投融资” 等作为引导碳减排的政策工具。碳交易通过市场机制，使碳排放权成为一种可交易的商品，企业可以根据自身的碳排放情况，在市场上买卖碳排放配额，从而激励企业积极采取减排措施。气候投融资则为碳减排项目提供资金支持，促进低碳技术的研发和应用，推动实现 “碳中和” 目标。"
293,,
294,,
295,,
296,,
297,,
298,,
299,,
300,,
301,,
302,,
303,,
304,,
305,,
306,,
307,,
308,,
309,,
310,,
311,,
312,,
313,,
314,,
315,,
316,,
317,,
318,,
319,,
320,,
321,,
322,,
323,,
324,,
325,,
326,,
327,,
328,,
329,,
330,,
331,,
332,,
333,,
334,,
335,,
336,,
337,,
338,,
339,,
340,,
341,,
342,,
343,,
344,,
345,,
346,,
347,,
348,,
349,,
350,,
351,,
352,,
353,,
354,,
355,,
356,,
357,,
358,,
359,,
360,,
361,,
362,,
363,,
364,,
365,,
366,,
367,,
368,,
369,,
370,,
371,,
372,,
373,,
374,,
375,,
376,,
377,,
378,,
379,,
380,,
381,,
382,,
383,,
384,,
385,,
386,,
387,,
388,,
389,,
390,,
391,,
392,,
393,,
394,,
395,,
396,,
397,,
398,,
399,,
400,,
401,,
402,,
403,,
404,,
405,,
406,,
407,,
408,,
409,,
410,,
